qseqid,sequence,accession,pident,length,mismatch,gapopen,qstart,qend,sstart,evalue,bitscore,name,EC,EC1,EC2,EC3,EC4
WP_014880051,MSQLQAPGAVVMIRPHHFCSNPETRDDNAFQTLADDTADVTSAQAQAEFDGAVTALRGAGVSVHVFDDTGTETPDSVFPNNWFSTHAGGHVAVYPMYAANRRKERRWDVIELLKRDYRVQDVIDYSGLEQDGLALEGTGAMVLDHIGRIAYTVKSNRADPVLLERFCTHFNFEPMVFEARDAQGRDVYHTNVLMGIGTDYALICLDMITDPTRRAEVAARLEETGRRVIDLTPEQIAGFAGNALELTGHSRLLALSSRAAEVLRADQITIIERSATLLPLSIPTIETAGGSVRCMLAAIHLSPRERTQS,,,,,,,,,,,,,,,,
WP_054597481,MQTTNTVLMIRPTRFSFNQDTAANNRFQRPAAAAEDVQLKALQEFDGYVAALREHGVEVMVHNDSEAPHTPDSIFPNNWWSSHPDGTLVLYPMQGHNRRLERDKGVLDWLRDAYRIEQLLDLSDLEQQEVFLEGTGSMVLDREQRICYAGYSTRTHAKALDQVVEHLGYELCAFNAVDRHGVPIYHTNVMMSVGRQLAVVCLESVSDLDERNALRSRLECSGKQVLTLSFDQLESFAGNMLEVHNAAGEPLLVMSRTAWRSLHADQRRMVEAYAKPLPVNIDTIERIGGGSARCMLAEVYLPKRVSPQEQH,,,,,,,,,,,,,,,,
NP_436855,MPQITRRMTLSINAIVWGENIHEQTNAVVREIYPDGMHNTIAAALNSDPGIDATTATLQEPEHGLSETRLAAADVLLWWGHKDHGAVDDAIVERVAKRVWEGMGLIVLHSGHFSKVFKRLMGTPCALKWREAGERERVWVVNPRHPIAEGLGENFVIENEEMYGEQFSVPEPLETVFISWFAGGEVFRSGLTWRRGAGNIFYFRPGHETYPTYHDATVHKVLRNAVKWAYNPQGTYKAIHDAPNVPVEKALEPIVERGPRLHRAGEAGYR,,,,,,,,,,,,,,,,
NP_437726,MLISQVRKEDGSVIVAVRAPGETARAVRGAESVYALAMEAANSRRSLRDVVDAKGFGETIDLEEAYSQGRLLSPITHPDPAHLHLTGTGLTHLGSAATRDAMHKKATEATEETLTDSMKMFRMGLEGGKPKSGEKGVQPEWFYKGNGTTAVAPGEPLVSPSFAEDGGEEPEMAGIYVISDKGVPFRLGFAVANEFSDHKTERVNYLWLAHSKLRQASFGPEIRIGAAPEDIRGASRILRGGKVLWEKPFLSGEANMSHSFANLEYHHFKYGLFRAPGDIHVHMFGTATLSFGDGIRTEEGDVFEIEAKEFGLPLRNPLAIAAEEEVAVHQL,,,,,,,,,,,,,,,,
WP_010209327,MQTTNTVLMIRPARFAFNPDTAINNRFQRQPLDPLGAQQKALEEFDGYVDTLRRHGVEVLVVQDTPAPHTPDSIFPNNWWSSHADGSLVLYPMEGQNRRLERNKGVLQVLEQRFAINSTIDLSHLEQQNIFLEGTGSMVLDRQHRISYACHSGRTHQDALRQFAERLDYQLCVFHAVDRHHAPIYHSNVMMSVGRDLSVVCLQALPDASERQGLERSLRDTGKDILALDFDQLEGFAGNMLEIHDRDGQPLLVMSASAWGALQPAQRQHVERHTRPVVVNIDNIERIGGGSARCMLAEVHLPARATVQ,,,,,,,,,,,,,,,,
WP_063460136,MNMLELTVMPKDEFRNPSFLLQHVRDTMRFYHPTVIDASGGFYHFFKDDGSVYDSETRHLVSSTRFIFNYAMAYRQFGDAAYLDAVHHGVKFLREVHWDPQLKGYDWTLSWKDGRKQVTDATRHCYGLAFVLLAYAHAAMAGVSGAEKWLYETYDLLEEHFWEPHAGLYADEASADWKVQPYRGQNANMHMTEALLAAYEASGDPLFLERADTVARHITVRQAALSNGLIWEHYHQDWSVDWDYNKEDSSNIFRPWGFQPGHHTEWAKLLLILERHRPQEWLLLRAIELFDAGLDAAWDMECGGIYYGFAPDGVICDQDKYFWVQAESFAAAALLAKRTGKNRFWDWYDHIWQYSWQHFVDHQYGAWFRILTRDNRKYSDEKSPAGKTDYHTMGACYEVLSALSAEPLP,A0A0A1F806,58.313,403.0,160.0,1.0,1.0,403.0,6.0,1.5499999999999998e-172,491.0,A0A0A1F806_9BURK,5.3.1.7,5,5.3,5.3.1,5.3.1.7
WP_063462980,MNTSPNTKTPPRYRGIFPVVPTTFTETGELDLDSQKRAVDFMIDAGSDGLCILANFSEQFSLSDDERETITRTVLDHVAGRVPVIVTTTQYGSNVCAARSRHAQEHGAAMVMVMPPYHGATFRVPEQQIYEFYARVSDAIDIPIMIQDAPASGTVLSAAFLARMACEIEQVAYFKIETPGAANKLRELIRLAGDAAEGPWDGEEAITLLADLNAGATGSMTGGGFPDGIRPIIEAHRAGRLDEAFSLYQKWLPLINHENRQAGLLACKALMKEGGVIACELPRHPLPAMHPETRAELIAIARRLDPLVLRWGK,A0A6J5G3A1,81.973,294.0,53.0,0.0,1.0,294.0,20.0,3.3200000000000005e-179,499.0,A0A6J5G3A1_9BURK,4.2.1.43,4,4.2,4.2.1,4.2.1.43
WP_063462990,MKDSPQLSIHPSLKERTVFVTGGGSGIGAAIVAAFAAQGARVAFVDIAESASAALAQRIAEEGHAAPWWRTCDVRDIGALQQAVVDAAAELGDFAVLVNNVASDDRHTLESVTPDYYDNRMAINERPALFAIQSVVPGMRRLGFGSVVNLGSTGWQTKGSGYPCYAIAKSSVNGLTRGLAVELGRDRIRINTVSPGWVMTERQVQLWLDDEGEEELKRNQCLPDKLMPEDIARMVLFLASDDAKMCTAQEFTVDAGWT,A0A0H2M6K5,81.641,256.0,45.0,2.0,24.0,279.0,4.0,9.329999999999999e-138,391.0,A0A0H2M6K5_VARPD,1.1.1.175,1,1.1,1.1.1,1.1.1.175
WP_041412631,MKNKQVLRSAAWFGTTDKNGFMYRSWMKNQGIPDHEFQGKPIIGICNTWSELTPCNAHFRKIAEHVKKGILEAGGYPVEFPVFSNGESNLRPTAMFTRNLASMDVEEAIRGNPIDGVVLLTGCDKTTPALLMGAASCDIPAIVVTGGPMLNGKHKGKDIGAGTIVWQMHEELKAGKIDLNEFLSAESGMSRSAGTCNTMGTASTMACMAEALGTSLPHNAAIPAVDSRRYVLAHLSGMRIVDMVHEDLRLSKILTKEAFENAIKVNAAIGGSTNAVIHLKAIAGRIGVDLQLDDWNRVGRGMPTIVDLQPSGRFLMEEFYYSGGLPAVIRRMGEANLLPHPQALTVNGQAIWENCQQSPIYNDEVIRKIDNPIRQDGGMCILRGNLAPKGAVLKPSAATPELMKHRGRAVVFENFDDYKARINDPDLDVDETCILVMKNAGPKGYPGMAEVGNMGLPPKVLAKGITDMVRISDARMSGTAYGTVVLHVAPEAMAGGPLAAVQNGDFIKLDAYEGKLHLEVSDEELKQRLESLVPPAAPSFIGGYRKLYVEHVLQADEGCDFDFLVGCRGSEVPRHSH,A0A446ZJH1,73.611,576.0,150.0,2.0,13.0,586.0,2.0,0.0,899.0,A0A446ZJH1_ACICA,4.2.1.25,4,4.2,4.2.1,4.2.1.25
WP_011717048,MLRFFSPFGISVGVLILGTLLLVSSTFAPALAADDSSSPATKKSMSIAKHSIGKTKDGTPMEMYSLDNGSGLRVKLINYGATVVSVESPDREGKFTNLTLSFESPTGYLERHPYFGSTVGRYCNRIAKGKFKLDGAEYTLAVNNGPNHLHGGLKAFDAVVWNAEEVKTDSSVGIKFSYTSKDGEEGYPGNLRAQVTYSVTKDNELRMEYEATTDKATVVNLTNHCYWNLGGAGSGQILDHHLQIEADKFLPVDAGGIPTGELAPVKGTAMDFTKTEKIGARIDELKKEPHTTKGYDHCYVLRNQDAKLALAATVKDPKSGRVMTISTTEPGIQLYCGNFLDGSEGGGGFKQHEAFCLETQHYPDSPNQPAFPSTVLKPGAKYQSTTVHQFSVEK,D2QWX3,40.909,352.0,196.0,4.0,3.0,348.0,45.0,4.82e-83,260.0,D2QWX3_PIRSD,5.1.3.3,5,5.1,5.1.3,5.1.3.3
WP_011717064,MGDLSMPKGIQLHTCLAVENELGEGIVWDVRQQCAFWTDIVGKQFYRWNFDGSVTHYPCPERLCSFGLTPEPEWFIVAFESGFAFFNPFEQQIQWITKVETDLPYTRMNDGKVDRQGRFWAGSMIEDDKIDANQLSKDKRAKLYRLSENGQAKPIFDDVIIANGLSFSSDNKTMFFADSPKQTVWCSELTRQNDSTSRRDIFFKTSGNAFPDGSCIDNQGYLWNAQWGSASVKRYSPTGQLDFTLPIDCLQPSCVSFGGPNLNHLIITSARDGLSSDEDRKHKNNGAVFVYRTPYQGIAEPICTVPARQQHAAVETVSVSLKN,A0A857JP41,39.1,289.0,167.0,3.0,8.0,288.0,11.0,2.86e-71,225.0,A0A857JP41_9ALTE,3.1.1.15,3,3.1,3.1.1,3.1.1.15
WP_011717945,MGVNLQNESQLFIGIDGGGSKCRATIYSPKMGVIGTGVAGRANPLHGLEQTFESIRQSTDLAIADAKLTQDDIKTLVAGLGLAGVNVPRLYQLINEWQHPFAHMYLTTDLHTACIGAHNGEDGAVIITGTGSCGYAHVGEQSLLVGGHGFALGDKGSGAWLGQQAAEHALLNLDGFAEDSQLTQLILAHFDVSDAIGIVENLAGQSSSTYARLARLVIQSAEQGDVVAIEIVKQGAKYISDMARKLFTLEPRRFSMIGGLAEPLQKWLDSDVGQQVQPALAQPEIGAILFAQQQYSKHQG,A0A0Q0G3G0,69.024,297.0,92.0,0.0,1.0,297.0,1.0,8.13e-146,414.0,A0A0Q0G3G0_9GAMM,2.7.1.8,2,2.7,2.7.1,2.7.1.8
NP_719054,MGVNLQNESQLFIGIDGGGSKCRATIYSPKMGVIGTGVAGRANPLHGLEQTFESIRQSTDLAIADAKLTQDDIKTLVAGLGLAGVNVPRLYQLINEWQHPFAHMYLTTDLHTACIGAHNGEDGAVIITGTGSCGYAHVGEQSLLVGGHGFALGDKGSGAWLGQQAAEHALLNLDGFAEDSQLTQLILAHFDVSDAIGIVENLAGQSSSTYARLARLVIQSAEQGDVVAIEIVKQGAKYISDMARKLFTLEPRRFSMIGGLAEPLQKWLDSDVGQQVQPALAQPEIGAILFAQQQYSKHQG,A0A0Q0G3G0,68.687,297.0,93.0,0.0,1.0,297.0,1.0,9.37e-146,414.0,A0A0Q0G3G0_9GAMM,2.7.1.8,2,2.7,2.7.1,2.7.1.8
WP_011864920,MGVNLQNESQLFIGIDGGGSKCRATIYSPKMGVIGTGVAGRANPLHGLEQTFESIRQSTDLAIADAKLTQDDIKTLVAGLGLAGVNVPRLYQLINEWQHPFAHMYLTTDLHTACIGAHNGEDGAVIITGTGSCGYAHVGEQSLLVGGHGFALGDKGSGAWLGQQAAEHALLNLDGFAEDSQLTQLILAHFDVSDAIGIVENLAGQSSSTYARLARLVIQSAEQGDVVAIEIVKQGAKYISDMARKLFTLEPRRFSMIGGLAEPLQKWLDSDVGQQVQPALAQPEIGAILFAQQQYSKHQG,A0A0Q0G3G0,67.007,294.0,97.0,0.0,1.0,294.0,1.0,1.28e-137,393.0,A0A0Q0G3G0_9GAMM,2.7.1.8,2,2.7,2.7.1,2.7.1.8
WP_011759060,MGVNLQNESQLFIGIDGGGSKCRATIYSPKMGVIGTGVAGRANPLHGLEQTFESIRQSTDLAIADAKLTQDDIKTLVAGLGLAGVNVPRLYQLINEWQHPFAHMYLTTDLHTACIGAHNGEDGAVIITGTGSCGYAHVGEQSLLVGGHGFALGDKGSGAWLGQQAAEHALLNLDGFAEDSQLTQLILAHFDVSDAIGIVENLAGQSSSTYARLARLVIQSAEQGDVVAIEIVKQGAKYISDMARKLFTLEPRRFSMIGGLAEPLQKWLDSDVGQQVQPALAQPEIGAILFAQQQYSKHQG,A0A0Q0G3G0,69.863,292.0,88.0,0.0,8.0,299.0,8.0,1.58e-149,424.0,A0A0Q0G3G0_9GAMM,2.7.1.8,2,2.7,2.7.1,2.7.1.8
WP_014239822,MSNYSAPLRDMQFVMRDLAGLDEVTRLPGNEDVTPDLVDAILEEADKFAAGVLAPLNRSGDQHGARWHDGEVTTAPGWKEAYRQFAESGWTAIACDPQHGGQGLPKLVSTAVMEMWKSANMAFSLCPMLTTGAIEALLLCGSDAQKAMYLPKMVAGEWTGTMNLTEPQAGSDLAAVRTRAEPQADGSYRLFGQKIFITYGEHDLTDNIVHLVLARLPDAPEGVKGISLFVVPKYLVDAGGNLGAHNDVRCVSIEHKLGIHASPTCVLAFGDQGGATGTLVGEPNRGLEYMFIMMNEARFAVGMEGLALSERAYQHALQYARERVQGTEAGVRGGPKVSIIRHPDVRRMLMSMKSQTEAMRALAYVVAAETDKAHRHADAQQRAHSQVFVDLMIPVVKGWLTENAFEIASTGVQVHGGMGFIEETGAAQHLRDARITSIYEGTTAIQANDLIGRKIARDGGAAIGAVVRQMGAVETELGVIGDEPFVAIRRALGSGIAAVEEAVAYILATYDRDIKAASVGAVPFLRLLGIVAGGWQLARAALAARRRLEAGEGEADFYRAKIVSARFYADHVMAQAPGLAYTVVNGAAGALELDDTQF,A0A2R4BNR1,57.095,599.0,256.0,1.0,1.0,599.0,1.0,0.0,679.0,A0A2R4BNR1_THAAR,1.3.8.7,1,1.3,1.3.8,1.3.8.7
WP_012431492,MTQSDPLHSANDSANGAAAAPPVDSFRSRDFLLAHVQDTLHFYAPNVLDPSGGFFHFFRDDGSVYDKTTRHLVSTCRYVFNYAMAYRQFGDPQHLEYARHGLRFLREAHWDAEHEGYDWELEWHDGKKRTLDATRHCYGLAFVLLAYSHAAMAGIEEARPMIGATFELMEHRFWDAAAGLYADDATPDWRVSSYRGQNANMHTTEALLSAHEATGHLVYLDRAERVASNITLRQAKLSQGLVWEHFHADWSVDWHYNEEDSSNIFRPWGFQPGHQTEWAKLLLILERYRPLPWLLPRAIELFDAAMTHAWDEDHGGLYYGFGPDGTVCDHDKYFWVQAETFATAALLGKRTGNERFWDWYDEIWRYSWAHFVDHKHGAWYRILTCDNRKYSDEKSPAGKTDYHTMGACYEVLAHALPDGAAAASESAE,A0A346BH12,94.749,419.0,18.0,1.0,1.0,415.0,1.0,0.0,828.0,A0A346BH12_9BURK,5.3.1.31,5,5.3,5.3.1,5.3.1.31
WP_012431722,MGQYNAPLRDMQFVLHELLGVENELKAMPKHADIDADTINQVLEEAGKFCSEVVFPLNQVGDREGCKYEGDGVVTTPTGFKQAYQQYVEAGWPALACDPEFGGQGLPQVVNNALYEMLNSANQAWTMYPGLSHGAYECLHAHGTPEQQATYLPKIVSGEWTGTMCLTEPHCGTDLGMLRTKAEPNGDGSYAISGTKIFISAGEHDMAANIVHLVLARLPDAPPGTKGISLFVVPKFIPDAHGAPGERNGIKCGSIEHKMGIHGNATCVMNLDGARGWLVGEPNKGLNAMFVMMNAARQGVGMQGLGLTEVAYQNSLVYAKERIQMRSLTGPKAPDKPADPIIVHPDVRRMLLTQKAYVEGGRAFSYWTALHIDKELSHGDEAERKEAADLVALLTPIIKAFLTDNAFECTNHALQIYGGHGFISEWGMEQYVRDARINMIYEGTNSIQALDLLGRKVLGDMGAKLKKFGKLVQDFVEAEGTKEEMQEFVNPLADIGDKVQKLTMEIGMKAMANPDEVGAASVPYQRVVGHLVFAYFWARMARIALDKQGSGDKFYASKLATARFYFAKLLPETASQIRMARAGAKTLMDIDVDLF,A0A378YSR5,84.706,595.0,91.0,0.0,1.0,595.0,1.0,0.0,1078.0,A0A378YSR5_9BURK,1.3.8.1,1,1.3,1.3.8,1.3.8.1
WP_012434194,MEKLPENMKAVVCHGPKDYRFEKINRPVAKEREVVIKVDGCGICAGDCKANDGAPMFWGDDPWVKTPVVPGHEFYGRVAELGPGAAEKHKLKIGDRILAEQIVPCNECRFCKTGKYWMCEVHDIYGFQKDVADGAMAEYMRFSERAIIHRIPDSLSEADAALIEPMACAIHTVRRGDIDLNDVVVIAGAGPLGLCMVQIAHLKTPKKLIVIDTMEDRLALAKKFGADVVINAAKEDAVSLVKSMTEGYGCDVYIEATGAPIGVTQGLEMIRKLGRFVEFSVFGKETTVDWSIIGDRKELDIRGAHLGPYSYDVAIDLFSRGLATAEGIVTHFYPIDEWQQAFDMAKSLDSIKVVINP,A0A083ZV33,65.722,353.0,120.0,1.0,11.0,363.0,6.0,0.0,518.0,A0A083ZV33_9GAMM,1.1.1.301,1,1.1,1.1.1,1.1.1.301
WP_010209291,MEKLPENMKAVVCHGPKDYRFEKINRPVAKEREVVIKVDGCGICAGDCKANDGAPMFWGDDPWVKTPVVPGHEFYGRVAELGPGAAEKHKLKIGDRILAEQIVPCNECRFCKTGKYWMCEVHDIYGFQKDVADGAMAEYMRFSERAIIHRIPDSLSEADAALIEPMACAIHTVRRGDIDLNDVVVIAGAGPLGLCMVQIAHLKTPKKLIVIDTMEDRLALAKKFGADVVINAAKEDAVSLVKSMTEGYGCDVYIEATGAPIGVTQGLEMIRKLGRFVEFSVFGKETTVDWSIIGDRKELDIRGAHLGPYSYDVAIDLFSRGLATAEGIVTHFYPIDEWQQAFDMAKSLDSIKVVINP,A0A083ZV33,66.76,358.0,117.0,2.0,1.0,357.0,1.0,0.0,522.0,A0A083ZV33_9GAMM,1.1.1.301,1,1.1,1.1.1,1.1.1.301
WP_012434361,MSSPANASARHATDVYAHYPSLTDRTVLITGGATGIGASFVEHFAAQGARVAFFDIDETAGEALADELGDSRHKPLFARCDVTDIDALQKAIADVRAALGPLAVLVNNAANDKRHKIADVTPQSFDAGIAVNVRHQFFAAQAVVDDMKTARGGSIINLGSISWMLKNGNYPVYVMAKSAVQGLTRGLARDLGAFGIRVNSLVPGWVMTEKQKRLWLDDAGRRAIKEGQCIDAELMPDDLARMALFLAADDSRMITAQDMIVDGGWA,A0A6J5EEN6,85.338,266.0,39.0,0.0,1.0,266.0,1.0,1.75e-168,469.0,A0A6J5EEN6_9BURK,1.1.1.390,1,1.1,1.1.1,1.1.1.390
WP_012434437,MSQDFFERHQPVLEKALAAARERGYWSPFAESPSPRNYGETAAQDGQAAFDALLGKDFPLAATGAEGKAGGEVSPFGFALDISYPRIAPATLLANAGQAGLTWRRGGPRAWVGVSLEILARLNRRSFEMAHAVQHTTGQGFMMAFQAGGPHAQDRGLEAVAYAWQEMSRIPEVALWEKPQGKNDPIKMEKRFTVVPRGVALVIGCSTFPTWNGYPGLFASLATGNTVIVKPHPAAILPLALTVQVAREVLAEAGFDPDVVQLAAHQAGDDTAQQLALSPAVKIIDFTGSTANGDWLEQNARQALVYTEKAGVNQVIIDSAEDIKGVARNLAFSLALYSGQMCTAPQNIYVPRGGIQTAEGRLSFDEVAQAIASAVEKLAGDAARAVELTGAIQSEATAERIERARALGLPVLADSRSLQHPQFEQARVRTPLVLQAEAGDSRIFQEWFGPIAFVVATDSTEHSVALARDTVRQHGALSLSAYTTDEGVAARIQEAAEVAGVALSLNLTGAVFVNQTAAFSDFHGTGANPAANAALSDSAFVANRFRVVQTRRHV,A0A0H4WM33,66.248,557.0,184.0,3.0,1.0,556.0,1.0,0.0,740.0,A0A0H4WM33_9BORD,1.2.1.32,1,1.2,1.2.1,1.2.1.32
WP_012434865,MTKDKKLRSTEWFGVPGKDGFHHRSWMKNQGFPDDQFDGRPVIGICNTWSELTPCNAHFRILAERVKRGVYEAGGFPLEFPVMSLGETLMRPTTMMFRNLASMDVEESIRANPIDGVVLLTGCDKTTPSLVMGAASCDLPTVVVSGGPMLNGRWRGEQIGSGTHVWKFEELSKIGEMTVEGFRDAEACMSRSVGHCMTMGTASTMASMMEALGLGLPTNAAIPAADSRRNVLAQLAGRRIVAMVKEDLRMSKILTREAFENAIRANGAIGGSTNAVVHLLAIAGRIGTDLNLEDWDRLGRDVPCIVNLMPSGEFLMEDFYYAGGLPVVLRELGEAGLLHKGALTASGKTMWENVHDAECFNRQVITPMSDPFKSEGGICVLTGNLAPNGAVFKPSAASPSLMQHRGRAVVFEDIDHYKARIDDPDLDIDENCVMVLKNCGPKGYPGFSEVGNMALPAKILQKGITDMVRISDARMSGTAYGTVVLHISPEAAEGGPLALVRDGDMIELDVAARRLHLDVSEEELDGRRGAWTKPIAPERGYWRMYHDHVLQADSGCDFDFLVGSSGAPVPRESH,A0A5J4DZ38,73.509,570.0,150.0,1.0,9.0,577.0,5.0,0.0,884.0,A0A5J4DZ38_9BACT,4.2.1.25,4,4.2,4.2.1,4.2.1.25
WP_012426462,MTRSPTPTVYRGVFPVAPTIFDAQGGLDLDGQRRCIDFMIDAGSHGLCILANFSEQFVLSDDERNVLMKTVLEHVDGRVPVIVTTTHFSSRLCAERSRAAQDAGAAMVMVMPPYHGATIRMPERSIYEFFATVSDAIDIPIMIQDAPVSGTTLSAPFLARMAREIGNVSYFKIEVPQAAAKLRELIELGGDAIVGPWDGEEAITLMADLEAGATGAMTGAGFPDGIRQILDAWQAGDAELAAQRYQQWLPLINYENRQGWLATSKVLMQAGGVIASDAVRHPLQPMHPATREGLMRIARRLDPLVLRWGR,A0A375HS36,82.258,310.0,55.0,0.0,1.0,310.0,1.0,0.0,520.0,A0A375HS36_9BURK,4.2.1.43,4,4.2,4.2.1,4.2.1.43
WP_012426549,MSYRTEDIAYVQPAQSAANTPAAQQRTTADFRALDAAHHIHPFSDMGALNRSGSRVIVKAHGVYLWDSDGNKIIDGMAGLWCVNVGYGRKELADAAYRQMQELPYYNTFFKTTHPPIIELSALLAELAPEPFNHFFYCNSGSEGNDTVLRIVHQYWATQRRHSKKIVIARRNGYHGSTIAGATLGGMGYMHEQMPSKVENIVHIDQPYFFGEAESGQTPEEFALARAQQLEAKILEFGAENVAAFIGEPFQGAGGVIFPASTYWPEIQRICRKYDVLLVADEVIGGFGRTGEWFAHQHFGFEPDLITLAKGLTSGYVPMGAVGLHDRIATAIIDNGEFNHGLTYSGHPVAAAVAVANLRLLRDEKIVERVKTDTGPYFQKKLRETFANHPVVGEIAGAGLVAGVQLAEQPASRKRFANGGDVGTLCRDFCFNGNLIMRATGDRMLLSPPLVISREEIDEIVAKAKKAVDATARQLGLL,B1FZE3,87.734,481.0,55.0,1.0,1.0,481.0,1.0,0.0,889.0,B1FZE3_PARG4,2.6.1.113,2,2.6,2.6.1,2.6.1.113
WP_012426550,MQDIDEFLKKHRITEIEAIIPDMAGIARGKIIPRSKFETGESMRLPQAVMIQTVTGDYPEDGSLTGVTDPDMVCLPDASTIRLIPWAIDPTAQVIHDCVHFDGTPVEISPRRVLRRVLELYKAKGWKPVIAPELEFYLVDMNKDPDLPLAPPIGRTGRPETGRQSYSIEAVNEFDPLFEDIYEYCEVQDLEVDTLIHEVGAAQMEINFLHGDPLNLADRVFLFKRTVREAALRHHMYATFMSKPMENEPGSAMHVHQSIVDEETGRNLFTGDDGGPTDMFYAYIAGLQKYTPALMPIFAPYINSYRRLSRFMAAPINVQWGYDNRTVGFRVPHSSPVSRRVENRIPGVDCNPYLAIAGTLAAGYLGMTRRLEPTEPLASDGYSLPYQLPRNLEEGLTLMSACEPLAEILGEKFVKAYLALKETEYEAFFRVISSWERKHLLLHV,A0A069BE35,90.09,444.0,44.0,0.0,1.0,444.0,1.0,0.0,847.0,A0A069BE35_BURPE,6.3.1.11,6,6.3,6.3.1,6.3.1.11
WP_012428705,MSASIGSKIGQRRRIGRGSLQVSGLGLGTAPLGGLYRDLSDEEAHATIAAAWNAGVRYFDTAPHYGNTKAEHRLGAALRHYPRGEYVLSTKVGRRFVPRTSPFDDREGWQNPLPFEAIYDYTHDGILRSFEDSQQRLGIIDIDILLVHDIGRVTHGDQHPHYWRQLTEGGGFRALERLRSTGAIKAVGLGVNEGAVILDAMAECDIDCALLAGRYTLLEQTTLDDLLPACEARGVSILLGGAFNSGILARGVEGDLKFNYGAAPPEVIERVARLEAVCRAHNVPLAAAALQFPYAHPAVATVLTGARSADELRENVASFELPIPAALWSALRDAGLLDPRAPAPED,D5WEI2,91.618,346.0,29.0,0.0,1.0,346.0,1.0,0.0,646.0,D5WEI2_PARAM,1.1.1.107,1,1.1,1.1.1,1.1.1.107
WP_012428706,MTDTSVTPAAAQPMLEGYLRSDGRKGIRNVVAVAYLVECAHHVAREIVTQFREPLDAFDDASVDHEPPVHLIGFPGCYPNSYAEKMMQQLTTHPNVGAVLFVSLGCESMNKHYLVDVVRASGRPVEVLTIQEKGGTRSTIQYGVDWVKQARGELAKQRKVPMALSELVIGTVCGGSDGTSGITANPAVGRAFDQLIDAGATCIFEETGELVGCEFHMKSRAARADLGDEIVACVAKAARYYSILGHGSFAVGNADGGLTTQEEKSLGAYAKSGASPIVGIVKPGDVPPTGGLYLLDVVPDGEPRFGFPNISDNAEIVELIACGSHLILFTTGRGSVVGSAISPVIKVCANPDTYRNLSGDMDVDAGRILEGRATLEEVGREVFDVTLRVAQGGLSKSETLGHQEFILTYKTFEPVGPACLPSGAALPRRVVEIAPH,A0A6J5DQZ4,89.486,428.0,45.0,0.0,4.0,431.0,9.0,0.0,789.0,A0A6J5DQZ4_9BURK,4.4.1.24,4,4.4,4.4.1,4.4.1.24
WP_085966746,MQTDSRLILLSPDDNCLIAAARLDAGTQVEIEGECVTLTGTVELGHKVARRELAKDDKVLRYGAVIGHVTEAVQRGAHLHTHNLESDYLPTYTHDAGHQFVHH,A0A2N7WNX7,89.32,103.0,11.0,0.0,8.0,110.0,1.0,8.62e-62,186.0,A0A2N7WNX7_9BURK,4.2.1.42,4,4.2,4.2.1,4.2.1.42
WP_043352074,MEVSAHIDTFARDNLPPGEQWPEFLLDGPDVAYPKRFNCAVELVDAMVDRGHGERVALRWAQDGKPATMTYRELAALTNRIARVLVEDMKLVPGNRLLLRGPNNPMMAASWLAAIKAGLVTVPTMPLLRAKELKQIIDKAQIQAVLCDVRLKDEAQFCAQPDHEHHCPGLAQIVYFNDTAPEALDTLAAAKPDDFTACDTAADDVCLIAFTSGTTGAPKGCMHFHRDVLAMCDLFPKHVIKPGPDDIFCGTPPLAFTFGLGGLLCFPLRVGASTVLAERLTPESLLQLIQDFRATIVFTAPTFYRQMAALVGKFDLSSLKKSVSAGEALPDATRQLWKEASGIEMIDGIGGTEMIHVFVSSPPESVRRGAIGRVVPGYIAQIVDDDMNPVPNGTAGRLAIKGPTGCRYLADERQRRFVQKGWNLPGDTFVQDDDGYLFYQARNDDMIVSAGYNIAGPEVEDALLRHEAVAECGVVGAPDDERGQLVKAFVVLKPGFEPSEALVAALQQFVKANIAPYKYPRAIEFVSALPRTETGKLQRFALRKMA,A0A0D6FT41,71.612,546.0,154.0,1.0,1.0,545.0,1.0,0.0,821.0,A0A0D6FT41_ALCXX,6.2.1.25,6,6.2,6.2.1,6.2.1.25
WP_043349422,MSAVAPLPAASPDPTTANPHPGATERAARQAQVVQALSAHLPAHMLLWHAEDTTPYECDGLTAYRQRPLVVCLPETEAQVQAVLRTCHALGVPVVARGAGTGLSGGAMPHALGVTLSLARFNRILSIDPVSRTARVQCGVRNLAISEAAAPWQLYYAPDPSSQIACTIGGNIAENSGGVHCLKYGLTVHNVLRVRGFTVEGDPVEFGSEALDAPGYDLLAAVIGSEGMLAVTTEATVRLIPKPQLARCIMASFDDVRKAGDAVAAVIAAGIIPAGLEMMDKPMTAAVEDFVQAGYDLAAEAILLCESDGTPEEVEEEIGRMSEVLRAAGATAITVSENEAERLRFWSGRKNAFPASGRISPDYMCLDSTIPRKRLADILLAIQEMEKKYGLRCCNVFHAGDGNLHPLVLFDANDADELHRCELFGADILETSVAMGGTVSGEHGVGVEKLNSMCTQFTTEENAQMFALKAAFDPAGLLNPGKVIPTLNRCAEYGKMLVRGGQIAHPELPRF,F0Q6X9,73.347,484.0,129.0,0.0,14.0,497.0,28.0,0.0,701.0,F0Q6X9_ACIAP,1.1.2.4,1,1.1,1.1.2,1.1.2.4
WP_043349427,MQATLDAFRDAVRQATETRTPLRLRGGGSKDFYGQPPQGQLLDTRAYTGIVDYDPAELVITARCGTPLAEVEAALAEKRQILAFEPPHFALPGQPSVATLGGAVAAGLSGPRRQAVGALRDFVLGAQLMDGRGEVMDFGGQVMKNVAGYDVSRLLAGSLGTLGLILQVSLKVLPAPFDEATLRFEMAQAEAIRQLNQWGGQPLPLASSVWQAGVLHVRLSGAGAAVRAACARLGGERLEPAPAAALWQSLREQTHPFFAPAHAGRALWRLAVPTVAAPLALPGEQLVEWGGGQRWWLPEEGSAKADAESVRAVAQAAGGHATLFRHGDKSMGVFTPLASPLAAIHRRLKETFDPAGIFNPQRMYPGL,A0A375CX30,76.839,367.0,83.0,2.0,9.0,374.0,2.0,0.0,546.0,A0A375CX30_9BURK,1.1.3.15,1,1.1,1.1.3,1.1.3.15
WP_043349430,MQTNLADFIKDTREGKEAEDILRKCVHCGFCTATCPTYQLLGDELDGPRGRIYLIKQVLEGKPATVKTQQHLDRCLTCRNCETTCPSGVQYGRLVDIGRQVVEKQVGRPLFQKLNRAALKAVLPRKWIFNPAMKLGQSLRAVLPKALQNKVPVAQYTGLWPQAEHARKMLLLDGCVQPAMSPNINAATARVLDAMGVQLQIAPKAGCCGAIRYHLNEHEDGLNDMRQNIDAWWPYVEAGAEAIVMTASGCGATVKEYGHLLAHDEAYAGKAGKISMLTRDLSEILPEFQPQLVQRLQGNINTLSKRIAWHPPCTLQHGQQIRGKVEGLLTAIGVDVKLCADSHLCCGSAGTYSVLQPKLSYQLRDNKLRNLEATDAEMILSANIGCLTHLQSGTELSVQHWIELIDRALQDSVISQDLPEAVSAPSAVNKPE,A0A6N4SZC2,66.905,420.0,128.0,2.0,1.0,420.0,1.0,0.0,587.0,A0A6N4SZC2_9BURK,1.1.99.14,1,1.1,1.1.99,1.1.99.14
WP_043354857,MAKVLIIGAVGQIGSDLTVALRKKHGKDNVVASTRKTEFPPEIKDGGPCEYFDVQDKDAMVKVMKKYGIDTVYQLASLLSATGEKNPDLAFQINLLGLKNSLDAARECGVKRLFWPSSIAAFGPTTPREKTPQRTVLEPSTMYGVTKVAGELLCQYYFNKYGLDIRSVRYPGLISWKAEPGGGTTDYAVAIYYDAIKQGKYKCFVGPQTVLPMMYMPDAIRGTIELMDAPAEKLTVRTSYNLAAISFSAKELADEVARHIPGFTCTYEPDSRQKIADSWPKSIDDSQARKDWNWRHEYDLNKMSKDMIANLKVKLKN,A0A5E4LA94,53.226,310.0,142.0,1.0,5.0,311.0,2.0,2.77e-120,351.0,A0A5E4LA94_UNCAX,1.1.1.376,1,1.1,1.1.1,1.1.1.376
WP_012179094,MKRTNVAVIDIGKTNAKLALVDLSDLSEIAVVTRPNNVLNGHPWPHFDVEGHWDFLLEALASFHASHGVHAISVTTHGACAALIGADGQLAAPILDYEHSGPDEVAKDYNAIRPEFAETGSPRLEMGLNIGAQLYWQFQTDPTLKERTQTIVTYPQYWGHRLTGIAATDVTSLGCHTDLWNPHKGCFSSLVDRLGIADKIAPARPSGDILGTILPEIAHRTGLPQGTQVYCGIHDSNASLVPHILSQQTPFSVVSTGTWVIAMAMAGKPVTLDPARDTLINVNAYGAPVPSARFMGGREHDLATAGPYDTPTAADMAEVLRAGILLLPAVVANSGPFAGQSARWVGAEPPIGSPARGAAVAFYLALVTAHCLSLIGHDGPIIVEGPFARNECYCTMLAATTGSEVRAMTGTTGTSQGAALLASNQPHQPAASNVHLPRTGQLNALMQRYATLWADHAGV,A0A238KFA5,63.135,453.0,167.0,0.0,4.0,456.0,5.0,0.0,575.0,A0A238KFA5_9RHOB,2.7.1.51,2,2.7,2.7.1,2.7.1.51
WP_012179101,MLKTSGNKLLENRWDAEATQGMSESELLLYRSNILGADKRVTNYGGGNTSAKVMERDPLTGETVEVLWVKGSGGDIGSITMDGFATLYMDKLHALKGLYRGVAFEDEMVGYLPHCTFRLNPRAASIDTPLHAYVPRKHVDHVHADAIIAIAAAQNSRQLTQEIFGSRIGWLPWKRPGYELGLWLEAFCKENPEAEGVVLESHGLFTWADTPRDCYDTTIDVINTATRWLDERTAGTPAFGGPLHDSLPPEARRAVAARLMPAIRGFVSGSHHMVGHFNDSEAVLDFVNARDMAPLAALGTSCPDHFLRTKIRPLVIAYDPARDNLDAVLEGLPAQVAAYREDYAAYYARCRHDDSPVLRDPNAVVYLVPGVGMITFARDKATARISGEFYVNAINVMRGASSVSTYVGLPEQEAFDIEYWLLEEAKLQRMPKPKSLAGRVALVTGGAGGIGSATAEKYLSEGACVMLADIDESSLKAVSDRLVQRYGNDMVRTVTMNVTDETAVAHAFDEIAVAFGGADILVSNAGIASSAPVEETTLALWQRNMDILSTGYFLVSREAFRLFRRQGIGGSVVFVASKNGLAASPNAAAYCTAKASEIHLARCLALEGAEAGIRVNVVNPDAVLRGSKIWEGEWLEQRADTYKTDKEGLEEMYRQRSLLKRSVLPEDIAEAAYFLASDLSAKSTGNILNVDAGNKEAFTR,A0A238KMG4,84.0,700.0,112.0,0.0,1.0,700.0,1.0,0.0,1211.0,A0A238KMG4_9RHOB,1.1.1.107,1,1.1,1.1.1,1.1.1.107
WP_066580460,MNFFSKCTALAAISLACFTSGVSQASEAKLIPKLSEKLTAKAATLAPYQQRDFQEEVFYFVLPDRFYNGDSSNDLGAAANDIKRSVSHGGFDKSHKGMYHGGDLAGLTEKLPYLDNMGVSAIWLTPVLRNRAMQAGTSGYHGYWILDFTEIDPHLGSNAELKNFIEQAHKRNIKVFFDIITNHTADVIKYKECHGEDGLGWIVDGGKNKGNDCPFISMAQLAIGKHYTPLIPTGDETIKFPNWLNDMGVYHNQGDSFWRGESSVRGDFAGLDDLYTQKASVVHGMVDIYKDIIDEFKPDGFRIDTVKHVNIEFWQQFSPALMQHAKTQGIDNFFMFGEVYSFEPENLSRFTTEAKIPSVLDFAFQGAMTKSLVEQQGTDVLAQLFAKDHFYQTEHKDLGLKSMRNANANQLVNFTGNHDMGRFAYSLKQSPYNYNEQAQIQRNLLAHAMMFFSRGVPVIYYGDEQGFVGDGGDQASRQDMMPSLVGSYNDDDLLATDSTTADDNFDINHPLYQSFAKYSQLYQQYPALRFGEQSVVYSQDKPGVFAITRQMKATNSSKTQNLLVVFNTATDVKNLNVLTEQAKAKLLYRSDQAGKIDEISGLSFAIYQLK,A0A099KSX4,44.505,555.0,264.0,9.0,17.0,551.0,39.0,2.44e-155,462.0,A0A099KSX4_COLPS,2.4.1.19,2,2.4,2.4.1,2.4.1.19
WP_066581977,MKRTLAAFIGAGLLASGAQAQRPDIRPTYHFAPQRNWMNDPNGLVYYDGEYHLFFQYNPYGDRWGHMSWGHAVSRDLVHWQQLPVAIPETDVMAFSGSAVVDWDNTSGFGQGGKPPMVAIYTGQNVKTGNQSQFVAYSNDHGRHWTVHGKVLDIGSTAFRDPKVFWHAATRRWVMVAVMADENRAVIYTSPNLKDWRFASSFGPAGRRGKNWECPDLFELPVEGGAPGEKRWVLSINLGDNAVAGGSGGQYFVGDFDGTTFKTVPGWGDQPRWLDYGADFYATVSWNDLPKSDPRRIWIGWANNWRYANDIPTYPSRGLMTVPRAVTLHKTADGYRLAQAPVKEIEALRGAPQVRHGLTLGETPVPLPVSGGSDELAVDLDTGSARQIALTLTDGEGYQTVIGVNPAVDEVFIDRTRSGPHFFDGFEDRHIAPVDLGSGKVRLHVLVDQSIIELFINNGSRTITDRFFRGGGALRWSASALGGTATMDVTAWPLGPERNTAMLMP,A0A0F6MTX2,69.899,495.0,148.0,1.0,1.0,495.0,1.0,0.0,747.0,A0A0F6MTX2_9SPHN,3.2.1.7,3,3.2,3.2.1,3.2.1.7
WP_066578892,MVEAAADAGRAVYPSLKGKRVLITGGGSGIGAGLVEGFARQGADVMFFDIVEEESRALVETLAKKGRAPRFERVDLFDIEATKRVIAQLIAEGGPIDILVNNAASDDRHTVEGVTEEYWDNRLNVNLRHKFFCAQAVIPGMRAKGGGAIINLGSISWHLGLPELVLYQTAKASIEGMTRSLARELGPDNIRVTCVVPGNVRTPRQLKWYTPEGEAEIVAAQCLKGRLVPEDVAALVMFLASDDARLMTGHEYFVDAGWR,A0A6J4TI01,73.745,259.0,68.0,0.0,1.0,259.0,1.0,2.81e-134,382.0,A0A6J4TI01_9SPHN,1.1.1.175,1,1.1,1.1.1,1.1.1.175
WP_066578896,MSLHGKLLIGSARVATDATFAAIDPATNGTLDTAFAQAGADHVAQACALAAAAFDSFRETSLELRASLLEKIADNILAIGDDLLVRAGAESGLPRARLEGERGRTMGQLRLFASVIRQGDWLGVRVDPAQPERKPLPRADLRLRHIPVGPVAVFGASNFPLAFSVAGGDTASALAAGCPVVVKGHPAHPGTSELVGEAIAAAVKELGLPEGVFSLLSGTTNELGGALVADPRIKAVGFTGSRAGGLALVRIAQARPEPIPVYAEMSSINPVVLLPAALKARAEALGQAFVGSLTMGAGQFCTNPGLIIAVDGPDLERFIAAATEAVGKTTPLVMLTPGIAKAYKQGVKALAGSPSATILAQAAEGEGNVCSAVLFSVSAADFLADPALAHEVFGSSSVIVRCPDVAAVKAVLEGLEGQLTATLHLDEADHDAAASLIPTLERRVGRILANAWPTGVEVCHAMVHGGPYPSTSDGRTTSVGTLAIDRFLRPVCYQDLPDALLPAAVKHANPLGLNRRVDGVVQPGK,A0A7X0EDC9,61.804,521.0,196.0,3.0,1.0,520.0,1.0,0.0,599.0,A0A7X0EDC9_9PROT,1.2.1.4,1,1.2,1.2.1,1.2.1.4
WP_041645374,MPIYNAPLRDLKFVYNELFDADDLQQLPGFEEATPDLVDAILEEAGKFCENELLPLNQVGDQEGCQFEDGKVTAPPGFKAAYDAFHENGYAGLIAPPEYGGQGLPKTLGFMVQEIICSTNMAFGMYPGLTEGACRAIEEFASDELKETYLPKMIEGTWSGVMCLTEPHCGTDLGLIRTKADANDDGSYSITGTKIFISAGEHDMTENIVHLVLARAPDAPEGIKGISLFLVPKMSVNDDGSVGDANNVVCGAIEHKMGIHGNSTCVMNFDGAHGFLVGTLHKGMSAMFVMMNAARLGVGMQGLGISEVAYQNAVSYARDRIQGRSLKGATQPEKAADPLTVHPDVRRMLLTMRAYTEGNRALNVWVARALDMSINAEDPKQREDAEALVALMTPVCKSFMTDCGSDVANMGVQVFGGHGYIAEWGMEQFVRDARIAQIYEGTNGIQALDLVGRKMPEKMGRNLRPFFHEVSAYLEEKVHDERDEMQSLIMSLAKSFGRLQIVTGWIAQQGMKNPEEGAAAATDYLRLFALVALGYMWLRMADIALDKRAGDEPVFYQAKLDTARFFCNRLLPQTGALMSAIMSGSDTMMSFNEAAF,A0A6S6U1V1,55.612,588.0,257.0,3.0,1.0,586.0,11.0,0.0,653.0,A0A6S6U1V1_9GAMM,1.3.8.7,1,1.3,1.3.8,1.3.8.7
WP_014576347,MFEGLKPLPQDPILQLMQTFRDDPRDDKIDLGIGVYKDDSGNTPIMAAVHEAERRLLEQEVTKSYVGPAGSAGFNQAIADLVLGADNALIRDQRVSVVQTPGGCGALRMAAEFLRLCHSDTTVWVSTPTWGNHLPLLGGAGLAIREYPYLDSQTLQVDFDRMMGALEQASAGDVVLLHGCCHNPSGADLTVDQWQQVTDLMLKKGLLPFVDMAYQGLGDGLDADAAGLRHVASRVPEMVVASSCSKNFGLYRERTGALMLIGETADAQKAATSQLLSVIRSHYSMPPAHGAAIVETILGDEGLRSQWQSELNGMCERILHLRHAFAAALAPAGDFGFIARQRGMFSFLGIAPEQVRQLREEFGIYMLDSSRVNVAGLNDQSMPRVAEAVRSVL,M7CZ49,79.389,393.0,81.0,0.0,1.0,393.0,1.0,0.0,645.0,M7CZ49_9GAMM,2.6.1.57,2,2.6,2.6.1,2.6.1.57
WP_014879948,MAKVAFLGLGVMGYPMAGHLAKAGHEVTVYNRTAAKAEKWVAEHGGSHAATPREAAQGADFIMACVGNDDDLRGVCTGADGAFAGMAKGATFVDHTTVSAQVTAELYAEAAKADLSFVDAPVSGGQAGAENGQLVIMCGGDAPVYDAAEPVMMSYAKMCRRLGESGAGQLTKMVNQICIAGLVQALSEGLHFAEKAGLDGAAVVDVIGGGAAGSWQMVNRYQTMIADKFEHGFAVDWMRKDLNICLRTADEVGASLPVTALVDQFYKDVQKLGGGRWDTSSLIKRLNAMG,A0A222E5J6,78.547,289.0,62.0,0.0,1.0,289.0,1.0,2.36e-165,462.0,A0A222E5J6_9RHOB,1.1.1.60,1,1.1,1.1.1,1.1.1.60
WP_014880077,MIDRHLPGPADADGCWLDCEAHRAWLAADARRQFDFFRASLNPVAGFHVLDYDGAPLPDTVQELHTTTRLVHSFALGKRAGLGDCDAVIDQGMRYLFSHHHDEKHGGYHWAMDGNSVHDGRKLAYGHVFVLLAAASAQMAGHPDAERLINDVDGVLDARFWDEEHGLFLDEWNRDWSPFSTYRGMNANMHAVEALLTAYEATDRAKYIDRAGRVLDFFLRRIAPAHDWRLPEHYTADWQVDRSYSGNPMFRPAGTTPGHSFELARLALQYWDLCGRPGDEWPAAARHLVDRALADAWDEERGGLVYTLDFGGTPAIRSRYWWPVTEAIGALAAFIKLDHGERDEGWYRRLWIFAGSHFVDHERGGWFPEIDDDGQPTTTQFKGKPDVYHSVQAALLPLVPGLSRLGEKMGSLALDSGRPAAAPRDGGIA,A0A2R8B830,61.314,411.0,151.0,2.0,8.0,417.0,8.0,8.1e-177,503.0,A0A2R8B830_9RHOB,5.3.1.31,5,5.3,5.3.1,5.3.1.31
WP_014880980,MDESLQYLIAIDGGGTRCRFAMVGPTGRHDLILGSANVYSDRAAAISTLNAGLRALAERAAMPEAALTGIPIYAGLAGVTDADTGAEIARHLPSRIVQVEDDRRSAVVGALGPVDGCLIGIGTGSFLARQSDGEIRLLGGYGALIGDDASGYWLGKQLLRRVLLAADGIIPDSALTRSIRRRFDDDPMQIVRFAGQARPAEIADFSPEIIAAAQKGDVVAVALMREGADYVAAGLQALGRDDAEPVCAVGGVASHYIAYLSTQVQSAMIEPTGTALDGALQLAAQLAERARLGAA,A0A238KBN9,48.276,290.0,146.0,2.0,3.0,292.0,2.0,9.79e-81,249.0,A0A238KBN9_9RHOB,2.7.1.8,2,2.7,2.7.1,2.7.1.8
WP_014881125,MQTTFTPEQLTDPAIQRSNDILRSCVHCGFCTATCPTYQVLGDELDSPRGRIYLIKDMLENERVPDARTVKHIDRCLSCLACMTTCPSGVHYMHLVDHAREYIEQKYKRPFGDRALRWVLARILPYPTRFRLALLGAKIGRPFARLMPDARLRAMLEMAPKHIPPVSRNDDPQTFVAEAPRKMRVALMTGCAQRALNTDINDATIRLLKRMGCDVVIAEGQGCCGALTHHMGKSDESHRAAARNIRAWTGEMDGQGLDAIVINTSGCGTTVKDYGHMFRNDPLAGDAARVAAIAMDVSEVLTKLDLPEGADKGLTVAYHAACSLQHGQKIKTFPKDLLKRAGFRVVEPADSHLCCGSAGTYNLMQPEISGQLKARKVKTLEAKNPDIIAAGNIGCMMQIGGATDVPIVHTVELLDWATGGPKPPALSAPGKRAPEIPILR,A0A1H9IHC5,81.982,444.0,76.0,1.0,1.0,444.0,1.0,0.0,767.0,A0A1H9IHC5_9RHOB,1.1.99.14,1,1.1,1.1.99,1.1.99.14
WP_014881126,MDITSEDALVDAVKGASGALAVRGGGTRGVPAVGDVLSVAGLNGISLYEPGALTLVAQPGTPVADIEAALAQENQRLAFEPMDHRGLLGTTGTPTIGGVMAANVSGPRRISVGAARDFLLGVRFVDGRGAIVKNGGRVMKNVTGYDLVKLMAGSFGTLGVLTEVSMKVLPRPETQATLVLLGLDDVGGVSALARALGSPFEVTGAAHDPAAQKTMLRIEGFETSVAYRLGQLRALLTTTGAEMDVLDEKASESMWMTVRDVAAFQGQSGDIWRVSCKPSDGPAIAARSGAEAWFYDWAGGLIWLRAAPGHDVRTQIGTFDGHATLVRADASTMAQFGMFHPETAGVARLTAGLRAQFDPKGIFNAGLMENAA,B7RMU2,59.511,368.0,146.0,2.0,1.0,365.0,1.0,2.12e-135,393.0,B7RMU2_ROSS0,1.1.3.15,1,1.1,1.1.3,1.1.3.15
WP_014881127,MADTISFLKPREAVLSRRAAIIADLTELLPPECLVHEARELVPFETDAFVSYRRLPMAVALPKTTAQVAAVMKYCNRYGIPVVPRGAGTSLSGGAIPQEDAVVLGLSKMSRILEVDYANRTATVQAGVTNLNISEAVGIDGFFYAPDPSSQLACTIGGNIGMNSGGAHCLKYGVTTNNLLGVKMVLVDGTVIELGGKHLDAAGYDLLGLVCGSEGQLGIVTEAVVRLIAKPEGARPVLFGFDTSEHAGACVADIIGSGIIPVAIEFMDKPAIEICEAFAHAGYPLDVEALLIVEVEGSEAEMDAMLKAIVEIAGRHGVKTVRESQSATEAALIWKGRKSAFGATGRIADYICMDGTVPLGKLSYVLNKTSEIIDRFGLRVANVFHAGDGNMHPLILFNANDPEDAARAEEAGNEILKLCVDAGGCLTGEHGVGIEKRDLMRHQYSEADLNQQMAVRYAFDEDWILNPSKVFPLDGRPTA,W6WK82,61.638,464.0,177.0,1.0,6.0,468.0,10.0,0.0,596.0,W6WK82_RHIS8,1.1.2.4,1,1.1,1.1.2,1.1.2.4
NP_384883,MADTISFLKPREAVLSRRAAIIADLTELLPPECLVHEARELVPFETDAFVSYRRLPMAVALPKTTAQVAAVMKYCNRYGIPVVPRGAGTSLSGGAIPQEDAVVLGLSKMSRILEVDYANRTATVQAGVTNLNISEAVGIDGFFYAPDPSSQLACTIGGNIGMNSGGAHCLKYGVTTNNLLGVKMVLVDGTVIELGGKHLDAAGYDLLGLVCGSEGQLGIVTEAVVRLIAKPEGARPVLFGFDTSEHAGACVADIIGSGIIPVAIEFMDKPAIEICEAFAHAGYPLDVEALLIVEVEGSEAEMDAMLKAIVEIAGRHGVKTVRESQSATEAALIWKGRKSAFGATGRIADYICMDGTVPLGKLSYVLNKTSEIIDRFGLRVANVFHAGDGNMHPLILFNANDPEDAARAEEAGNEILKLCVDAGGCLTGEHGVGIEKRDLMRHQYSEADLNQQMAVRYAFDEDWILNPSKVFPLDGRPTA,W6WK82,82.255,479.0,85.0,0.0,1.0,479.0,1.0,0.0,814.0,W6WK82_RHIS8,1.1.2.4,1,1.1,1.1.2,1.1.2.4
WP_014879336,MSLVTLADVLQPALRDGYAVAGLVTLGWEDMRAYVAAAEAEGVPVILQAGPSCREHTPLPVLGAMFRYLAENASVPVVAHLDHGYTAEDCRIAIDSGFTSVMYDGSRKPLAQNIDETAAIAEMAHAANVSCEGEIGFVGYSGGEGSAGTAPEEAAQFAGETGVDAMAISVGNVHLQQDKQGGLDEDRIRAIEAVTQVPLVIHGGSGVPVAQRRSLARGSAICKFNIGTELRMAFGHALRQAVTRDPERFDRVQILKETHDPLVAATRTVLQSFKGA,S9S465,84.727,275.0,42.0,0.0,1.0,275.0,1.0,3.06e-163,456.0,S9S465_9RHOB,4.1.2.29,4,4.1,4.1.2,4.1.2.29
WP_014879339,MREIGIGIVGGGYMGKVHAVAMSCVGAVFQTELRPRLVMVCATSMASADRYRAAYGFEQGTDDWRVLVNDPRVEAIVIASPQETHREIAEAAFALGKPVLCEKPLGANVDDSRAMVAAAEASGAVNMVGFNYIRTPASQYVRQLLADGVIGDITYFRGEHTEDFYADPDASATWRTRGMANGTMGDLAPHMINCALAMMGPVASVLGDVETVHAQRPDGQGGLAEVTNDDHAQVMCRFANGAMGHLFFSRIATGRKMGYIYEITGTKGAIRFDQEDQNAIWLYTSDGDDAQRGFRKILTGPSHPDYLPFCQGPGHGTGYQDQIIIEAKDFLTAIASGDSHWPTFRDGMEVNEIVAATIASSNSKTWRNVADFKS,A0A2R8AD49,74.722,360.0,86.0,1.0,47.0,401.0,13.0,0.0,582.0,A0A2R8AD49_9RHOB,1.1.1.361,1,1.1,1.1.1,1.1.1.361
WP_014235627,MRLDHIAIAVRSLDEALPFYTEALGLTCTGQEIIAEQGVRLAMLPVGEGRLELLEPLSEHSPVGRFLARRGEGLHHICLQVDDIERALAHLRAQGVRLVDEEPRCGAEGRKIAFLHPASAHGVLIELVEVPKEGKEP,A0A2H5VZI9,33.103,145.0,80.0,4.0,9.0,148.0,1.0,6.29e-13,65.1,A0A2H5VZI9_9BACT,5.1.3.33,5,5.1,5.1.3,5.1.3.33
WP_063341556,MTIYQNLIAGEWVGSNATKNINPSDTNEVVGLYADGSADDTRNAIAAAKAAFPAWSRSGIWERHVILKKAGDEIMARKDELGALLAREEGKTLPEATGEVIRASQIFEFFAGEALRLAGEVLPSVRPNIGIEITREALGVIGIITPWNFPIAIPAWKIAPALCYGNTIVFKPAELVPACSWAIVDILHRAGLPKGVLNLVMGKGSVVGQAMLESPDVHGITFTGSTGTGRRVAAASIEHNRKFQLEMGGKNPMVVLDDADLNVAVEAAANSGFFSTGQRCTASSRLIVTEGIHDKFVAALTDKLKTLVVDNALKAGTHIGPVVDERQLKTDTDYIEIGRKEGAKLAFGGEVISRDTPGFYLQPTLFTEATNQMRISREEIFGPVVSVIRVKDYDEALATANDTPFGLSAGIATTSLKHATHFKRNSEAGMVMVNLPTAGVDFHVPFGGRKGSSYGPREQGKYAAEFYTTVKTAYTLA,A0A2K9Z6H8,65.254,472.0,163.0,1.0,7.0,478.0,4.0,0.0,635.0,A0A2K9Z6H8_RHILE,1.2.1.5,1,1.2,1.2.1,1.2.1.5
NP_437725,MTIYQNLIAGEWVGSNATKNINPSDTNEVVGLYADGSADDTRNAIAAAKAAFPAWSRSGIWERHVILKKAGDEIMARKDELGALLAREEGKTLPEATGEVIRASQIFEFFAGEALRLAGEVLPSVRPNIGIEITREALGVIGIITPWNFPIAIPAWKIAPALCYGNTIVFKPAELVPACSWAIVDILHRAGLPKGVLNLVMGKGSVVGQAMLESPDVHGITFTGSTGTGRRVAAASIEHNRKFQLEMGGKNPMVVLDDADLNVAVEAAANSGFFSTGQRCTASSRLIVTEGIHDKFVAALTDKLKTLVVDNALKAGTHIGPVVDERQLKTDTDYIEIGRKEGAKLAFGGEVISRDTPGFYLQPTLFTEATNQMRISREEIFGPVVSVIRVKDYDEALATANDTPFGLSAGIATTSLKHATHFKRNSEAGMVMVNLPTAGVDFHVPFGGRKGSSYGPREQGKYAAEFYTTVKTAYTLA,A0A2K9Z6H8,83.857,477.0,77.0,0.0,1.0,477.0,1.0,0.0,815.0,A0A2K9Z6H8_RHILE,1.2.1.5,1,1.2,1.2.1,1.2.1.5
WP_010213153,MTIYQNLIAGEWVGSNATKNINPSDTNEVVGLYADGSADDTRNAIAAAKAAFPAWSRSGIWERHVILKKAGDEIMARKDELGALLAREEGKTLPEATGEVIRASQIFEFFAGEALRLAGEVLPSVRPNIGIEITREALGVIGIITPWNFPIAIPAWKIAPALCYGNTIVFKPAELVPACSWAIVDILHRAGLPKGVLNLVMGKGSVVGQAMLESPDVHGITFTGSTGTGRRVAAASIEHNRKFQLEMGGKNPMVVLDDADLNVAVEAAANSGFFSTGQRCTASSRLIVTEGIHDKFVAALTDKLKTLVVDNALKAGTHIGPVVDERQLKTDTDYIEIGRKEGAKLAFGGEVISRDTPGFYLQPTLFTEATNQMRISREEIFGPVVSVIRVKDYDEALATANDTPFGLSAGIATTSLKHATHFKRNSEAGMVMVNLPTAGVDFHVPFGGRKGSSYGPREQGKYAAEFYTTVKTAYTLA,A0A2K9Z6H8,65.042,472.0,164.0,1.0,7.0,478.0,4.0,0.0,635.0,A0A2K9Z6H8_RHILE,1.2.1.5,1,1.2,1.2.1,1.2.1.5
WP_007897683,MSVPLRAVQLTEPSLFLQEHPEVQFVDLLISDMNGVVRGKRIERNSLPKVFEKGINLPASLFALDITGSTVESTGLGLDIGDADRICYPIPGTLSMEPWQKRPTAQLLMTMHELEGDPFFADPREVLRQVVAKFTEMELTIVAAFELEFYLIDQENVNGRPQPPRSPISGKRPQSVQVYSIDDLDEYVECLQDIIDGARAQGIPADAIVAESAPAQFEVNLHHVADPMKACDYAVLLKRLIKNIAYDHEMDTTFMAKPYPGQAGNGLHVHISLLDKHGNNIFTSEDPEQNAALRHAIGGVLETLPASMAFLCPNVNSYRRFGSQFYVPNAPSWGLDNRTVALRVPTGSPDAVRLEHRVAGADANPYLLLAAVLAGVHHGLSNQVEPGAPIEGNSYEQLEPSLPNNLRDALRELDDSEILAKYIDPKYIDIFVACKESELEEFEYSISDLEYNWYLHTV,A0A2R3IXT5,90.141,426.0,42.0,0.0,1.0,426.0,33.0,0.0,808.0,A0A2R3IXT5_PSEAI,6.3.1.11,6,6.3,6.3.1,6.3.1.11
WP_053163627,MSVPLRAVQLTEPSLFLQEHPEVQFVDLLISDMNGVVRGKRIERNSLPKVFEKGINLPASLFALDITGSTVESTGLGLDIGDADRICYPIPGTLSMEPWQKRPTAQLLMTMHELEGDPFFADPREVLRQVVAKFTEMELTIVAAFELEFYLIDQENVNGRPQPPRSPISGKRPQSVQVYSIDDLDEYVECLQDIIDGARAQGIPADAIVAESAPAQFEVNLHHVADPMKACDYAVLLKRLIKNIAYDHEMDTTFMAKPYPGQAGNGLHVHISLLDKHGNNIFTSEDPEQNAALRHAIGGVLETLPASMAFLCPNVNSYRRFGSQFYVPNAPSWGLDNRTVALRVPTGSPDAVRLEHRVAGADANPYLLLAAVLAGVHHGLSNQVEPGAPIEGNSYEQLEPSLPNNLRDALRELDDSEILAKYIDPKYIDIFVACKESELEEFEYSISDLEYNWYLHTV,A0A2R3IXT5,87.773,458.0,56.0,0.0,1.0,458.0,1.0,0.0,843.0,A0A2R3IXT5_PSEAI,6.3.1.11,6,6.3,6.3.1,6.3.1.11
WP_054594538,MSVPLRAVQLTEPSLFLQEHPEVQFVDLLISDMNGVVRGKRIERNSLPKVFEKGINLPASLFALDITGSTVESTGLGLDIGDADRICYPIPGTLSMEPWQKRPTAQLLMTMHELEGDPFFADPREVLRQVVAKFTEMELTIVAAFELEFYLIDQENVNGRPQPPRSPISGKRPQSVQVYSIDDLDEYVECLQDIIDGARAQGIPADAIVAESAPAQFEVNLHHVADPMKACDYAVLLKRLIKNIAYDHEMDTTFMAKPYPGQAGNGLHVHISLLDKHGNNIFTSEDPEQNAALRHAIGGVLETLPASMAFLCPNVNSYRRFGSQFYVPNAPSWGLDNRTVALRVPTGSPDAVRLEHRVAGADANPYLLLAAVLAGVHHGLSNQVEPGAPIEGNSYEQLEPSLPNNLRDALRELDDSEILAKYIDPKYIDIFVACKESELEEFEYSISDLEYNWYLHTV,A0A2R3IXT5,87.555,458.0,57.0,0.0,1.0,458.0,1.0,0.0,842.0,A0A2R3IXT5_PSEAI,6.3.1.11,6,6.3,6.3.1,6.3.1.11
WP_025216023,MSVPLRAVQLTEPSLFLQEHPEVQFVDLLISDMNGVVRGKRIERNSLPKVFEKGINLPASLFALDITGSTVESTGLGLDIGDADRICYPIPGTLSMEPWQKRPTAQLLMTMHELEGDPFFADPREVLRQVVAKFTEMELTIVAAFELEFYLIDQENVNGRPQPPRSPISGKRPQSVQVYSIDDLDEYVECLQDIIDGARAQGIPADAIVAESAPAQFEVNLHHVADPMKACDYAVLLKRLIKNIAYDHEMDTTFMAKPYPGQAGNGLHVHISLLDKHGNNIFTSEDPEQNAALRHAIGGVLETLPASMAFLCPNVNSYRRFGSQFYVPNAPSWGLDNRTVALRVPTGSPDAVRLEHRVAGADANPYLLLAAVLAGVHHGLSNQVEPGAPIEGNSYEQLEPSLPNNLRDALRELDDSEILAKYIDPKYIDIFVACKESELEEFEYSISDLEYNWYLHTV,A0A2R3IXT5,88.865,458.0,51.0,0.0,1.0,458.0,1.0,0.0,850.0,A0A2R3IXT5_PSEAI,6.3.1.11,6,6.3,6.3.1,6.3.1.11
WP_014340747,MSVPLRAVQLTEPSLFLQEHPEVQFVDLLISDMNGVVRGKRIERNSLPKVFEKGINLPASLFALDITGSTVESTGLGLDIGDADRICYPIPGTLSMEPWQKRPTAQLLMTMHELEGDPFFADPREVLRQVVAKFTEMELTIVAAFELEFYLIDQENVNGRPQPPRSPISGKRPQSVQVYSIDDLDEYVECLQDIIDGARAQGIPADAIVAESAPAQFEVNLHHVADPMKACDYAVLLKRLIKNIAYDHEMDTTFMAKPYPGQAGNGLHVHISLLDKHGNNIFTSEDPEQNAALRHAIGGVLETLPASMAFLCPNVNSYRRFGSQFYVPNAPSWGLDNRTVALRVPTGSPDAVRLEHRVAGADANPYLLLAAVLAGVHHGLSNQVEPGAPIEGNSYEQLEPSLPNNLRDALRELDDSEILAKYIDPKYIDIFVACKESELEEFEYSISDLEYNWYLHTV,A0A2R3IXT5,89.835,423.0,43.0,0.0,1.0,423.0,36.0,0.0,798.0,A0A2R3IXT5_PSEAI,6.3.1.11,6,6.3,6.3.1,6.3.1.11
WP_010207341,MSVPLRAVQLTEPSLFLQEHPEVQFVDLLISDMNGVVRGKRIERNSLPKVFEKGINLPASLFALDITGSTVESTGLGLDIGDADRICYPIPGTLSMEPWQKRPTAQLLMTMHELEGDPFFADPREVLRQVVAKFTEMELTIVAAFELEFYLIDQENVNGRPQPPRSPISGKRPQSVQVYSIDDLDEYVECLQDIIDGARAQGIPADAIVAESAPAQFEVNLHHVADPMKACDYAVLLKRLIKNIAYDHEMDTTFMAKPYPGQAGNGLHVHISLLDKHGNNIFTSEDPEQNAALRHAIGGVLETLPASMAFLCPNVNSYRRFGSQFYVPNAPSWGLDNRTVALRVPTGSPDAVRLEHRVAGADANPYLLLAAVLAGVHHGLSNQVEPGAPIEGNSYEQLEPSLPNNLRDALRELDDSEILAKYIDPKYIDIFVACKESELEEFEYSISDLEYNWYLHTV,A0A2R3IXT5,87.555,458.0,57.0,0.0,1.0,458.0,1.0,0.0,843.0,A0A2R3IXT5_PSEAI,6.3.1.11,6,6.3,6.3.1,6.3.1.11
WP_063341172,MADRLSGKRILITGAAQGIGLAIVRACLGEGAAVVLMDRDAALLARSVADLGGEGEYLTALAGDITNTDDVAAVVARAQETIGPLNALINNAGINVFDEPLSLSDKDWNSCFDVNLKGAWNCARAVLPGLLEQGGGVILNIASTHAFTIIPHTFPYPLAKHALLGLTKSLALEYAARNVRVNALAPGYVQTQKVVDYWNSFPDPEAARQETLRLHPGGRIATPEEIARAAVFMISDECPFMNAACLTVDGGLSVQQHPA,A0A0M6Y5W0,49.02,255.0,130.0,0.0,17.0,271.0,3.0,1.1e-86,261.0,A0A0M6Y5W0_9HYPH,1.1.1.269,1,1.1,1.1.1,1.1.1.269
WP_063324926,MADRLSGKRILITGAAQGIGLAIVRACLGEGAAVVLMDRDAALLARSVADLGGEGEYLTALAGDITNTDDVAAVVARAQETIGPLNALINNAGINVFDEPLSLSDKDWNSCFDVNLKGAWNCARAVLPGLLEQGGGVILNIASTHAFTIIPHTFPYPLAKHALLGLTKSLALEYAARNVRVNALAPGYVQTQKVVDYWNSFPDPEAARQETLRLHPGGRIATPEEIARAAVFMISDECPFMNAACLTVDGGLSVQQHPA,A0A0M6Y5W0,51.373,255.0,124.0,0.0,17.0,271.0,3.0,8.749999999999999e-89,267.0,A0A0M6Y5W0_9HYPH,1.1.1.269,1,1.1,1.1.1,1.1.1.269
WP_063343423,MTSTSTPRAPFNRLLLTGAAGGLGKVLRERMRPYANVLRLSDIAALTPAVDDREEIVVCDLADKNAVHQLVEGVDAILHFGGVSVERPFEEILGANICGVFHIYEAARRHGVKRVIFASSNHVIGFYKQDEPLDASSARRPDGYYGLSKSYGEDMASFYFDRYGIETVSIRIGSSFPEPQNRRMMHTWLSFDDLTQLLERALYTPNVGHTVVYGMSANKEVWWDNRFASHLGFEAKDSSEVFREKVEAQPMPAADDPARIYQGGAFVAAGPFGD,A0A5E7UU25,89.781,274.0,24.0,1.0,1.0,270.0,1.0,0.0,513.0,A0A5E7UU25_PSEFL,1.1.1.203,1,1.1,1.1.1,1.1.1.203
WP_063343491,MNIVRYRTRQAGPRVGLHEDGVVAELTGVASLAELWTLPLGELRDRLGGPRGEAVPLADVELLAPVDGRTEVWGAGVTYESSREARVEESERAATVYEQVYDAERPEIFFKSAGWRAVGPGGDLSVRPDSVVDVPEPELALVVNAHGEIVGYSVCNDMSSRSIEGENPLYVPQAKIFYGSCGLGPWVTPVWEVEDPYDLPITMTIHRDGAPVWQGEANTGRLHRRLDGLVAYLMLGDVHPDGVVLSTGTCLVPSPFTLAAGDVVEIGIGGVGVLRNPVVRGKPGGPREYTPSLETSLR,A0A7X0IKH7,27.16,324.0,183.0,14.0,1.0,314.0,1.0,3.74e-10,63.2,A0A7X0IKH7_9ACTN,4.2.1.141,4,4.2,4.2.1,4.2.1.141
WP_063340417,MPRFTPRLPQVIRSVLFLSAITLSSAQAAEKIDLIIDTDPGADDVVALLLALASPEQLKVRAITTVAGNVRLDKTSRNARLAREWAGREEIPVYAGAPRPLVRSPIYAENIHGQEGITGVPVHEPAKGLEPKNAVNYLIETLTAAKPGSVTIAMLGPQTNLALALTQAPGIAKGIKEVVVMGGAHFNGGNITPVAEFNLYADPHAADVVLKSGVKLTYIPLDVTHKILTSEARLKQIASLGNTAGKLVGGILNEYVKGDMEHYGLPGGPVHDASVIAYLLEPGLFTGREVNLVIDTREGPTFGQTIADWYNTLDQPKNAFWVENGNAQGFFDLLTARLGRLK,A0A119A3N2,79.532,342.0,70.0,0.0,1.0,342.0,1.0,0.0,569.0,A0A119A3N2_9PSED,3.2.2.8,3,3.2,3.2.2,3.2.2.8
WP_054596656,MPRFTPRLPQVIRSVLFLSAITLSSAQAAEKIDLIIDTDPGADDVVALLLALASPEQLKVRAITTVAGNVRLDKTSRNARLAREWAGREEIPVYAGAPRPLVRSPIYAENIHGQEGITGVPVHEPAKGLEPKNAVNYLIETLTAAKPGSVTIAMLGPQTNLALALTQAPGIAKGIKEVVVMGGAHFNGGNITPVAEFNLYADPHAADVVLKSGVKLTYIPLDVTHKILTSEARLKQIASLGNTAGKLVGGILNEYVKGDMEHYGLPGGPVHDASVIAYLLEPGLFTGREVNLVIDTREGPTFGQTIADWYNTLDQPKNAFWVENGNAQGFFDLLTARLGRLK,A0A119A3N2,79.24,342.0,71.0,0.0,1.0,342.0,1.0,0.0,565.0,A0A119A3N2_9PSED,3.2.2.8,3,3.2,3.2.2,3.2.2.8
WP_060738180,MPRFTPRLPQVIRSVLFLSAITLSSAQAAEKIDLIIDTDPGADDVVALLLALASPEQLKVRAITTVAGNVRLDKTSRNARLAREWAGREEIPVYAGAPRPLVRSPIYAENIHGQEGITGVPVHEPAKGLEPKNAVNYLIETLTAAKPGSVTIAMLGPQTNLALALTQAPGIAKGIKEVVVMGGAHFNGGNITPVAEFNLYADPHAADVVLKSGVKLTYIPLDVTHKILTSEARLKQIASLGNTAGKLVGGILNEYVKGDMEHYGLPGGPVHDASVIAYLLEPGLFTGREVNLVIDTREGPTFGQTIADWYNTLDQPKNAFWVENGNAQGFFDLLTARLGRLK,A0A119A3N2,79.825,342.0,69.0,0.0,1.0,342.0,1.0,0.0,570.0,A0A119A3N2_9PSED,3.2.2.8,3,3.2,3.2.2,3.2.2.8
WP_057713727,MTGRLSGKRIFVTGAAQGIGLALARAFVKEGAALFMVDRDGALLEREAATLVAPDGSLGWAAADITDARAIAAAMKQAADEIGSINALVNNAGVNVFSTPLETSDEDWNRCFDINLKGAWNCCKAALPGMIDAGGGVILNIASTHAFTIIPHTFPYPLAKHALLGMTKSLGLEYAANNVRVNALAPGYVATQKVIDYWNSFPDPEAAKAETLKLHPGGRIATPEEIAMAAVFMISDECPFMNATCLTVDGGLSVQQHPA,A0A1U9Z5H5,51.575,254.0,123.0,0.0,18.0,271.0,4.0,1.49e-86,261.0,A0A1U9Z5H5_9HYPH,1.1.1.269,1,1.1,1.1.1,1.1.1.269
WP_057714593,MRQMASKMGDKGVPESGTSLLEGVSLPAAAIQEAPLAHNLAWMQRFAESHGAELAPHGKTTMTPELFRRQLEAGAWGITLATAPQCRAAFVSGVERLLMANQLVGRANMAIIADLIEAGADFHCVIDGEDNARALGSFFAERGLTLKVLIELGVEGGRTGCRSVEAVSELARIVDAEPGLALAGMEGYEGVVHAEDPVPAIRDYAARLVEAARRLDDESRFGVDAPIITASGSAWYDLIAETFDAAELRSRFTPVIRPGCYVVHDHGIYRQAQRGVLSRRPDLHEGLRPALEVFAQVQSLPEPGLAIVALGKRDIGFDHLPEPLRRYREGGSADEVLSVAGWELTKLMDQHAFIRLPEHADDVRVGDVVAFGASHPCLTFDKWRRICLIDERLTVTETLETAF,A0A1B8P6H0,58.838,396.0,160.0,3.0,11.0,405.0,10.0,3.5e-164,469.0,A0A1B8P6H0_HALEL,4.1.2.42,4,4.1,4.1.2,4.1.2.42
WP_054596807,MRQMASKMGDKGVPESGTSLLEGVSLPAAAIQEAPLAHNLAWMQRFAESHGAELAPHGKTTMTPELFRRQLEAGAWGITLATAPQCRAAFVSGVERLLMANQLVGRANMAIIADLIEAGADFHCVIDGEDNARALGSFFAERGLTLKVLIELGVEGGRTGCRSVEAVSELARIVDAEPGLALAGMEGYEGVVHAEDPVPAIRDYAARLVEAARRLDDESRFGVDAPIITASGSAWYDLIAETFDAAELRSRFTPVIRPGCYVVHDHGIYRQAQRGVLSRRPDLHEGLRPALEVFAQVQSLPEPGLAIVALGKRDIGFDHLPEPLRRYREGGSADEVLSVAGWELTKLMDQHAFIRLPEHADDVRVGDVVAFGASHPCLTFDKWRRICLIDERLTVTETLETAF,A0A1B8P6H0,58.586,396.0,161.0,3.0,11.0,405.0,10.0,1.41e-161,462.0,A0A1B8P6H0_HALEL,4.1.2.42,4,4.1,4.1.2,4.1.2.42
WP_060738105,MRQMASKMGDKGVPESGTSLLEGVSLPAAAIQEAPLAHNLAWMQRFAESHGAELAPHGKTTMTPELFRRQLEAGAWGITLATAPQCRAAFVSGVERLLMANQLVGRANMAIIADLIEAGADFHCVIDGEDNARALGSFFAERGLTLKVLIELGVEGGRTGCRSVEAVSELARIVDAEPGLALAGMEGYEGVVHAEDPVPAIRDYAARLVEAARRLDDESRFGVDAPIITASGSAWYDLIAETFDAAELRSRFTPVIRPGCYVVHDHGIYRQAQRGVLSRRPDLHEGLRPALEVFAQVQSLPEPGLAIVALGKRDIGFDHLPEPLRRYREGGSADEVLSVAGWELTKLMDQHAFIRLPEHADDVRVGDVVAFGASHPCLTFDKWRRICLIDERLTVTETLETAF,A0A1B8P6H0,58.333,396.0,162.0,3.0,11.0,405.0,10.0,4.3100000000000005e-164,469.0,A0A1B8P6H0_HALEL,4.1.2.42,4,4.1,4.1.2,4.1.2.42
WP_063321988,MRQMASKMGDKGVPESGTSLLEGVSLPAAAIQEAPLAHNLAWMQRFAESHGAELAPHGKTTMTPELFRRQLEAGAWGITLATAPQCRAAFVSGVERLLMANQLVGRANMAIIADLIEAGADFHCVIDGEDNARALGSFFAERGLTLKVLIELGVEGGRTGCRSVEAVSELARIVDAEPGLALAGMEGYEGVVHAEDPVPAIRDYAARLVEAARRLDDESRFGVDAPIITASGSAWYDLIAETFDAAELRSRFTPVIRPGCYVVHDHGIYRQAQRGVLSRRPDLHEGLRPALEVFAQVQSLPEPGLAIVALGKRDIGFDHLPEPLRRYREGGSADEVLSVAGWELTKLMDQHAFIRLPEHADDVRVGDVVAFGASHPCLTFDKWRRICLIDERLTVTETLETAF,A0A1B8P6H0,58.081,396.0,163.0,3.0,11.0,405.0,10.0,3.25e-164,469.0,A0A1B8P6H0_HALEL,4.1.2.42,4,4.1,4.1.2,4.1.2.42
WP_010210955,MRQMASKMGDKGVPESGTSLLEGVSLPAAAIQEAPLAHNLAWMQRFAESHGAELAPHGKTTMTPELFRRQLEAGAWGITLATAPQCRAAFVSGVERLLMANQLVGRANMAIIADLIEAGADFHCVIDGEDNARALGSFFAERGLTLKVLIELGVEGGRTGCRSVEAVSELARIVDAEPGLALAGMEGYEGVVHAEDPVPAIRDYAARLVEAARRLDDESRFGVDAPIITASGSAWYDLIAETFDAAELRSRFTPVIRPGCYVVHDHGIYRQAQRGVLSRRPDLHEGLRPALEVFAQVQSLPEPGLAIVALGKRDIGFDHLPEPLRRYREGGSADEVLSVAGWELTKLMDQHAFIRLPEHADDVRVGDVVAFGASHPCLTFDKWRRICLIDERLTVTETLETAF,A0A1B8P6H0,57.071,396.0,167.0,3.0,8.0,402.0,10.0,7.74e-159,455.0,A0A1B8P6H0_HALEL,4.1.2.42,4,4.1,4.1.2,4.1.2.42
WP_057714718,MHVTQEQVMMRKMVRDFARKEIAPAAEIMEKTDEFPFQLIKKMGKHGLMGIPVPEQYGGAGADVVSYILAIHEISRISAAVGVILSVHTSVGTNPILYFGNEEQKMKYIPNLASGDHLGAFALTEPHSGSDAGSLRTTAIKKNGKYLLNGSKIFITNGGAADIYITFALTAPDQGRHGISAFIVEKNTPGFTVGKKERKLGLYGSNTTELIFDNAEVPEANLLGKEGDGFHIAMANLNVGRIGIAAQALGIAEAALEHAVDYAKQRVQFGRPIAANQGISFKLADMATRAEAARHLVYHAADLHNRGLNCGKEASMAKQFASDAAVKAALDAVQIYGGYGYMKDYPVERLLRDAKVTQIYEGTNEIQRLIISKYLLGGT,P45857,50.667,375.0,185.0,0.0,4.0,378.0,1.0,7.569999999999999e-134,390.0,ACDB_BACSU,1.3.99.-,1,1.3,1.3.99,0
WP_054597488,MHVTQEQVMMRKMVRDFARKEIAPAAEIMEKTDEFPFQLIKKMGKHGLMGIPVPEQYGGAGADVVSYILAIHEISRISAAVGVILSVHTSVGTNPILYFGNEEQKMKYIPNLASGDHLGAFALTEPHSGSDAGSLRTTAIKKNGKYLLNGSKIFITNGGAADIYITFALTAPDQGRHGISAFIVEKNTPGFTVGKKERKLGLYGSNTTELIFDNAEVPEANLLGKEGDGFHIAMANLNVGRIGIAAQALGIAEAALEHAVDYAKQRVQFGRPIAANQGISFKLADMATRAEAARHLVYHAADLHNRGLNCGKEASMAKQFASDAAVKAALDAVQIYGGYGYMKDYPVERLLRDAKVTQIYEGTNEIQRLIISKYLLGGT,P45857,52.0,375.0,180.0,0.0,4.0,378.0,1.0,3.44e-139,404.0,ACDB_BACSU,1.3.99.-,1,1.3,1.3.99,0
WP_063321224,MHVTQEQVMMRKMVRDFARKEIAPAAEIMEKTDEFPFQLIKKMGKHGLMGIPVPEQYGGAGADVVSYILAIHEISRISAAVGVILSVHTSVGTNPILYFGNEEQKMKYIPNLASGDHLGAFALTEPHSGSDAGSLRTTAIKKNGKYLLNGSKIFITNGGAADIYITFALTAPDQGRHGISAFIVEKNTPGFTVGKKERKLGLYGSNTTELIFDNAEVPEANLLGKEGDGFHIAMANLNVGRIGIAAQALGIAEAALEHAVDYAKQRVQFGRPIAANQGISFKLADMATRAEAARHLVYHAADLHNRGLNCGKEASMAKQFASDAAVKAALDAVQIYGGYGYMKDYPVERLLRDAKVTQIYEGTNEIQRLIISKYLLGGT,P45857,49.333,375.0,190.0,0.0,1.0,375.0,1.0,1.92e-128,376.0,ACDB_BACSU,1.3.99.-,1,1.3,1.3.99,0
WP_015277224,MHVTQEQVMMRKMVRDFARKEIAPAAEIMEKTDEFPFQLIKKMGKHGLMGIPVPEQYGGAGADVVSYILAIHEISRISAAVGVILSVHTSVGTNPILYFGNEEQKMKYIPNLASGDHLGAFALTEPHSGSDAGSLRTTAIKKNGKYLLNGSKIFITNGGAADIYITFALTAPDQGRHGISAFIVEKNTPGFTVGKKERKLGLYGSNTTELIFDNAEVPEANLLGKEGDGFHIAMANLNVGRIGIAAQALGIAEAALEHAVDYAKQRVQFGRPIAANQGISFKLADMATRAEAARHLVYHAADLHNRGLNCGKEASMAKQFASDAAVKAALDAVQIYGGYGYMKDYPVERLLRDAKVTQIYEGTNEIQRLIISKYLLGGT,P45857,51.2,375.0,183.0,0.0,4.0,378.0,1.0,1.27e-134,392.0,ACDB_BACSU,1.3.99.-,1,1.3,1.3.99,0
WP_015277229,MHVTQEQVMMRKMVRDFARKEIAPAAEIMEKTDEFPFQLIKKMGKHGLMGIPVPEQYGGAGADVVSYILAIHEISRISAAVGVILSVHTSVGTNPILYFGNEEQKMKYIPNLASGDHLGAFALTEPHSGSDAGSLRTTAIKKNGKYLLNGSKIFITNGGAADIYITFALTAPDQGRHGISAFIVEKNTPGFTVGKKERKLGLYGSNTTELIFDNAEVPEANLLGKEGDGFHIAMANLNVGRIGIAAQALGIAEAALEHAVDYAKQRVQFGRPIAANQGISFKLADMATRAEAARHLVYHAADLHNRGLNCGKEASMAKQFASDAAVKAALDAVQIYGGYGYMKDYPVERLLRDAKVTQIYEGTNEIQRLIISKYLLGGT,P45857,49.867,377.0,189.0,0.0,1.0,377.0,1.0,2.18e-126,371.0,ACDB_BACSU,1.3.99.-,1,1.3,1.3.99,0
WP_010210413,MHVTQEQVMMRKMVRDFARKEIAPAAEIMEKTDEFPFQLIKKMGKHGLMGIPVPEQYGGAGADVVSYILAIHEISRISAAVGVILSVHTSVGTNPILYFGNEEQKMKYIPNLASGDHLGAFALTEPHSGSDAGSLRTTAIKKNGKYLLNGSKIFITNGGAADIYITFALTAPDQGRHGISAFIVEKNTPGFTVGKKERKLGLYGSNTTELIFDNAEVPEANLLGKEGDGFHIAMANLNVGRIGIAAQALGIAEAALEHAVDYAKQRVQFGRPIAANQGISFKLADMATRAEAARHLVYHAADLHNRGLNCGKEASMAKQFASDAAVKAALDAVQIYGGYGYMKDYPVERLLRDAKVTQIYEGTNEIQRLIISKYLLGGT,P45857,51.882,372.0,179.0,0.0,7.0,378.0,4.0,5.23e-134,390.0,ACDB_BACSU,1.3.99.-,1,1.3,1.3.99,0
WP_057715016,MEIFRYQHPEHGPRLGAETSEGFFDLTAHDPEVFASISSWLAHERPAEIALLAESAVSSYSEIDPEWKILPPVDGQMEVWAAGVTYEDSKRARMSESEGGGDFYDKVYTAERPELFFKANPWRVIAPGDPVQIRPDSRWDVPEPELTLVLCSAGRIVGVTVGNDMSSRSIEGENPLYLPQAKCYTGACAVGPTIRIVDVEIDLKNLAVKLEISRAGAVAFTGETSTSRMKRTPSELAEWLFKTLPFPDGALLMTGTGLIPPDTFTLQSGDTVTISIEGVGTLINSVA,A0A7W9STM9,27.203,261.0,152.0,10.0,61.0,316.0,60.0,4.19e-10,62.8,A0A7W9STM9_9BACT,4.2.1.141,4,4.2,4.2.1,4.2.1.141
WP_060741991,MEIFRYQHPEHGPRLGAETSEGFFDLTAHDPEVFASISSWLAHERPAEIALLAESAVSSYSEIDPEWKILPPVDGQMEVWAAGVTYEDSKRARMSESEGGGDFYDKVYTAERPELFFKANPWRVIAPGDPVQIRPDSRWDVPEPELTLVLCSAGRIVGVTVGNDMSSRSIEGENPLYLPQAKCYTGACAVGPTIRIVDVEIDLKNLAVKLEISRAGAVAFTGETSTSRMKRTPSELAEWLFKTLPFPDGALLMTGTGLIPPDTFTLQSGDTVTISIEGVGTLINSVA,A0A7W9STM9,26.82,261.0,153.0,11.0,61.0,316.0,60.0,1.31e-09,61.2,A0A7W9STM9_9BACT,4.2.1.141,4,4.2,4.2.1,4.2.1.141
WP_057715924,MSHFAKVARVPGDPILGLLDAYRNDPRADKLDLGVGVYKDAQGLTPILRSVKLAEQRLVEQETTKSYVGGHGDALFAARLAELALGAASPLLLEQRADATQTPGGTGALRLAGDFIAHCLPGRGIWLSDPTWPIHETLFAAAGLKVSHYPYVSADNRLDVEAMLAGLERIPQGDVVLLHACCHNPTGFDLSHDDWRRVLDVVRRRELLPLIDFAYQGFGDGLEEDAWAVRLFAGELPEVLVTSSCSKNFGLYRDRVGALIVCAQNAEKLTDLRSQLAFLARNLWSTPPAHGAEVVAAILGDSELKGLWQEEVEGMRSRIASLRIGLVEALAPHGLAERFAHVGAQRGMFSYTGLSPQQVARLRDEHAVYLVSSGRANVAGLDARRLDRLAQAIAQVCAD,P43336,75.949,395.0,95.0,0.0,2.0,396.0,3.0,0.0,614.0,PHHC_PSEAE,2.6.1.57,2,2.6,2.6.1,2.6.1.57
WP_054596267,MSHFAKVARVPGDPILGLLDAYRNDPRADKLDLGVGVYKDAQGLTPILRSVKLAEQRLVEQETTKSYVGGHGDALFAARLAELALGAASPLLLEQRADATQTPGGTGALRLAGDFIAHCLPGRGIWLSDPTWPIHETLFAAAGLKVSHYPYVSADNRLDVEAMLAGLERIPQGDVVLLHACCHNPTGFDLSHDDWRRVLDVVRRRELLPLIDFAYQGFGDGLEEDAWAVRLFAGELPEVLVTSSCSKNFGLYRDRVGALIVCAQNAEKLTDLRSQLAFLARNLWSTPPAHGAEVVAAILGDSELKGLWQEEVEGMRSRIASLRIGLVEALAPHGLAERFAHVGAQRGMFSYTGLSPQQVARLRDEHAVYLVSSGRANVAGLDARRLDRLAQAIAQVCAD,P43336,77.975,395.0,87.0,0.0,2.0,396.0,3.0,0.0,622.0,PHHC_PSEAE,2.6.1.57,2,2.6,2.6.1,2.6.1.57
WP_054594340,MSLTYTAPLDEMRFTLSEVFDAKNFWQQHSQLNHVDIDTVEMILAEMSKFASTALLPINQSGDNEGASYLGEGKVATPAGFVDAYRQYAEAGWIGLGGDPEYGGQGMPKMVTMLAEEMLFTANQSFALYPNLTVGACLCLLTAASDEQKQQYLHKLYAGTWSGTMCLTEPHAGTDLGIIKTRATPNADGSYAITGTKIFITGGEHDLTENIVHLVLAKTPDAPVGTKGISLFIVPKFLVNDDGSLGERNAVSCGSIEHKMGIKASATCVLNFDGATGYLVGQENTGLATMFVMMNYERLTMGLQGLGASVLAYQNAARYASERLQGRADAGVANPDKPADPIICHADVRRMLLNAKTNSVAARTFAMYVAKQLDISKFADDADEVATAKAKIALLTPIAKAFLTDKGFEAALDCQMVFGGHGYIKEWGMEQIVRDTRISQIYEGTNGIQSLDLLGRKVIKDEGRALFALLDEIRAELEGVPNHSIGTAMQQAVLEIDSLTKSLMQAAKSDANAISASSVSYLHAVGYLCYAYMYLLIVKTCDGKTGEFYESRRQLAEYFVARVLPNLYTHSAMAKAGSSTLMVFDNEFFINH,A0A448GX15,55.351,598.0,245.0,5.0,4.0,592.0,5.0,0.0,665.0,A0A448GX15_9GAMM,1.3.8.1,1,1.3,1.3.8,1.3.8.1
WP_060740336,MSLTYTAPLDEMRFTLSEVFDAKNFWQQHSQLNHVDIDTVEMILAEMSKFASTALLPINQSGDNEGASYLGEGKVATPAGFVDAYRQYAEAGWIGLGGDPEYGGQGMPKMVTMLAEEMLFTANQSFALYPNLTVGACLCLLTAASDEQKQQYLHKLYAGTWSGTMCLTEPHAGTDLGIIKTRATPNADGSYAITGTKIFITGGEHDLTENIVHLVLAKTPDAPVGTKGISLFIVPKFLVNDDGSLGERNAVSCGSIEHKMGIKASATCVLNFDGATGYLVGQENTGLATMFVMMNYERLTMGLQGLGASVLAYQNAARYASERLQGRADAGVANPDKPADPIICHADVRRMLLNAKTNSVAARTFAMYVAKQLDISKFADDADEVATAKAKIALLTPIAKAFLTDKGFEAALDCQMVFGGHGYIKEWGMEQIVRDTRISQIYEGTNGIQSLDLLGRKVIKDEGRALFALLDEIRAELEGVPNHSIGTAMQQAVLEIDSLTKSLMQAAKSDANAISASSVSYLHAVGYLCYAYMYLLIVKTCDGKTGEFYESRRQLAEYFVARVLPNLYTHSAMAKAGSSTLMVFDNEFFINH,A0A448GX15,55.892,594.0,240.0,5.0,4.0,588.0,5.0,0.0,666.0,A0A448GX15_9GAMM,1.3.8.1,1,1.3,1.3.8,1.3.8.1
WP_015275423,MSLTYTAPLDEMRFTLSEVFDAKNFWQQHSQLNHVDIDTVEMILAEMSKFASTALLPINQSGDNEGASYLGEGKVATPAGFVDAYRQYAEAGWIGLGGDPEYGGQGMPKMVTMLAEEMLFTANQSFALYPNLTVGACLCLLTAASDEQKQQYLHKLYAGTWSGTMCLTEPHAGTDLGIIKTRATPNADGSYAITGTKIFITGGEHDLTENIVHLVLAKTPDAPVGTKGISLFIVPKFLVNDDGSLGERNAVSCGSIEHKMGIKASATCVLNFDGATGYLVGQENTGLATMFVMMNYERLTMGLQGLGASVLAYQNAARYASERLQGRADAGVANPDKPADPIICHADVRRMLLNAKTNSVAARTFAMYVAKQLDISKFADDADEVATAKAKIALLTPIAKAFLTDKGFEAALDCQMVFGGHGYIKEWGMEQIVRDTRISQIYEGTNGIQSLDLLGRKVIKDEGRALFALLDEIRAELEGVPNHSIGTAMQQAVLEIDSLTKSLMQAAKSDANAISASSVSYLHAVGYLCYAYMYLLIVKTCDGKTGEFYESRRQLAEYFVARVLPNLYTHSAMAKAGSSTLMVFDNEFFINH,A0A448GX15,55.424,590.0,257.0,4.0,4.0,592.0,5.0,0.0,678.0,A0A448GX15_9GAMM,1.3.8.1,1,1.3,1.3.8,1.3.8.1
WP_010207013,MSLTYTAPLDEMRFTLSEVFDAKNFWQQHSQLNHVDIDTVEMILAEMSKFASTALLPINQSGDNEGASYLGEGKVATPAGFVDAYRQYAEAGWIGLGGDPEYGGQGMPKMVTMLAEEMLFTANQSFALYPNLTVGACLCLLTAASDEQKQQYLHKLYAGTWSGTMCLTEPHAGTDLGIIKTRATPNADGSYAITGTKIFITGGEHDLTENIVHLVLAKTPDAPVGTKGISLFIVPKFLVNDDGSLGERNAVSCGSIEHKMGIKASATCVLNFDGATGYLVGQENTGLATMFVMMNYERLTMGLQGLGASVLAYQNAARYASERLQGRADAGVANPDKPADPIICHADVRRMLLNAKTNSVAARTFAMYVAKQLDISKFADDADEVATAKAKIALLTPIAKAFLTDKGFEAALDCQMVFGGHGYIKEWGMEQIVRDTRISQIYEGTNGIQSLDLLGRKVIKDEGRALFALLDEIRAELEGVPNHSIGTAMQQAVLEIDSLTKSLMQAAKSDANAISASSVSYLHAVGYLCYAYMYLLIVKTCDGKTGEFYESRRQLAEYFVARVLPNLYTHSAMAKAGSSTLMVFDNEFFINH,A0A448GX15,55.254,590.0,258.0,4.0,4.0,592.0,5.0,0.0,656.0,A0A448GX15_9GAMM,1.3.8.1,1,1.3,1.3.8,1.3.8.1
WP_054594536,MSSNNPQTREWQALSSDHHLAPFSDFKQLKEKGPRIITNAKGVYLWDSEGNKILDGMAGLWCVAIGYGREELADAASKQMRELPYYNLFFQTAHPPALQLAKAISDIAPEGMNHVFFTGSGSEGNDTVLRLVRHYWAIKGQPSKKVIISRVNGYHGSTVAGASLGGMTYMHEQGDLPIPGIVHIPQPYWFGEGGDMTPDEFGVWAAEQLEKKILELGVDNVGAFIAEPIQGAGGVIVPPDTYWPKIKEILAKYDILFVADEVICGFGRTGEWFGSDFYDLKPDLMTIAKGLTSGYIPMGGVIVRDEVVRVLNEGGDFNHGFTYSGHPVAAAVGLENIRILSEEKIVERVKSETAPYLQKRLRELSDHPLVGEVRGVGMLGAIELVKDKATRERYVGKGAGMICRTFCFNNGLIMRAVGDTMIISPPLVITFAEIDELIEKARKCLDLTLESLQG,A0A6M8MMA4,90.728,453.0,42.0,0.0,1.0,453.0,1.0,0.0,869.0,A0A6M8MMA4_9PSED,2.6.1.113,2,2.6,2.6.1,2.6.1.113
WP_060740156,MSSNNPQTREWQALSSDHHLAPFSDFKQLKEKGPRIITNAKGVYLWDSEGNKILDGMAGLWCVAIGYGREELADAASKQMRELPYYNLFFQTAHPPALQLAKAISDIAPEGMNHVFFTGSGSEGNDTVLRLVRHYWAIKGQPSKKVIISRVNGYHGSTVAGASLGGMTYMHEQGDLPIPGIVHIPQPYWFGEGGDMTPDEFGVWAAEQLEKKILELGVDNVGAFIAEPIQGAGGVIVPPDTYWPKIKEILAKYDILFVADEVICGFGRTGEWFGSDFYDLKPDLMTIAKGLTSGYIPMGGVIVRDEVVRVLNEGGDFNHGFTYSGHPVAAAVGLENIRILSEEKIVERVKSETAPYLQKRLRELSDHPLVGEVRGVGMLGAIELVKDKATRERYVGKGAGMICRTFCFNNGLIMRAVGDTMIISPPLVITFAEIDELIEKARKCLDLTLESLQG,A0A6M8MMA4,88.546,454.0,52.0,0.0,1.0,454.0,1.0,0.0,851.0,A0A6M8MMA4_9PSED,2.6.1.113,2,2.6,2.6.1,2.6.1.113
WP_063323898,MSSNNPQTREWQALSSDHHLAPFSDFKQLKEKGPRIITNAKGVYLWDSEGNKILDGMAGLWCVAIGYGREELADAASKQMRELPYYNLFFQTAHPPALQLAKAISDIAPEGMNHVFFTGSGSEGNDTVLRLVRHYWAIKGQPSKKVIISRVNGYHGSTVAGASLGGMTYMHEQGDLPIPGIVHIPQPYWFGEGGDMTPDEFGVWAAEQLEKKILELGVDNVGAFIAEPIQGAGGVIVPPDTYWPKIKEILAKYDILFVADEVICGFGRTGEWFGSDFYDLKPDLMTIAKGLTSGYIPMGGVIVRDEVVRVLNEGGDFNHGFTYSGHPVAAAVGLENIRILSEEKIVERVKSETAPYLQKRLRELSDHPLVGEVRGVGMLGAIELVKDKATRERYVGKGAGMICRTFCFNNGLIMRAVGDTMIISPPLVITFAEIDELIEKARKCLDLTLESLQG,A0A6M8MMA4,88.767,454.0,51.0,0.0,1.0,454.0,1.0,0.0,854.0,A0A6M8MMA4_9PSED,2.6.1.113,2,2.6,2.6.1,2.6.1.113
WP_010207340,MSSNNPQTREWQALSSDHHLAPFSDFKQLKEKGPRIITNAKGVYLWDSEGNKILDGMAGLWCVAIGYGREELADAASKQMRELPYYNLFFQTAHPPALQLAKAISDIAPEGMNHVFFTGSGSEGNDTVLRLVRHYWAIKGQPSKKVIISRVNGYHGSTVAGASLGGMTYMHEQGDLPIPGIVHIPQPYWFGEGGDMTPDEFGVWAAEQLEKKILELGVDNVGAFIAEPIQGAGGVIVPPDTYWPKIKEILAKYDILFVADEVICGFGRTGEWFGSDFYDLKPDLMTIAKGLTSGYIPMGGVIVRDEVVRVLNEGGDFNHGFTYSGHPVAAAVGLENIRILSEEKIVERVKSETAPYLQKRLRELSDHPLVGEVRGVGMLGAIELVKDKATRERYVGKGAGMICRTFCFNNGLIMRAVGDTMIISPPLVITFAEIDELIEKARKCLDLTLESLQG,A0A6M8MMA4,89.868,454.0,46.0,0.0,1.0,454.0,1.0,0.0,858.0,A0A6M8MMA4_9PSED,2.6.1.113,2,2.6,2.6.1,2.6.1.113
WP_054595050,MQLKDAQLFRQQAYINGEWLDADNGQTIKVTNPATGEVIGTVPKMGTAETRRAIEAADKALPAWRALTAKERSAKLRRWFELMIENQDDLARLMTTEQGKPLAEAKGEIAYAASFIEWFAEEAKRIYGDTIPGHQPDKRLIVIKQPIGVTAAITPWNFPAAMITRKAGPALAAGCTMVLKPASQTPYSALALVELAHRAGIPAGVLSVVTGSAGEVGGELTGNSLVRKLSFTGSTEIGRQLMEECAKDIKKVSLELGGNAPFIVFDDADLDKAVEGAIISKYRNNGQTCVCANRIYVQDGVYDAFAEKLAAAVAKLKIGNGLEEGTTTGPLIDGKAVAKVQEHIEDAVSKGAKVLSGGKLIEGNFFEPTILVDVPKTAAVAKEETFGPLAPLFRFKDEAEVIAMSNDTEFGLASYFYARDMSRVFRVAEALEYGMVGINTGLISNEVAPFGGIKASGLGREGSKYGIEDYLEIKYLCISV,Q88RC0,90.0,480.0,48.0,0.0,1.0,480.0,1.0,0.0,898.0,DAVD_PSEPK,1.2.1.-,1,1.2,1.2.1,0
WP_054597487,MTAQVSTEASHAETLQDEVLAEVRNHIGHLTLNRPAGLNAITLQMVRSLASQLQAWADDPQVYAVVLRGAGEKAFCAGGDIRSLYDSFKNGDTLHQDFFVEEYALDLAIHHYRKPVVALMDGFVLGGGMGLVQGADLRVVTERSRLAMPEVAIGYFPDVGGSYFLPRIPGELGIYLGVTGVQIRAADALYCGLADWYLDSTRLADLDQKLDRLQWHDAPLKDLQGVLAKLAVQQLPDAPLAALRPAIDHFFALPDVPSIVEQLQQVTVADSHEWALTTARLMQTRSPLAMAVTLEMLRRGRRLPLEQCFALELHLDRQWFERGDLIEGVRALIIDKDKSPRWNPPTLHGLALSHVESFFHHFEKVAN,A0A5E6MNN8,82.609,368.0,63.0,1.0,1.0,368.0,1.0,0.0,629.0,A0A5E6MNN8_PSEFL,4.2.1.149,4,4.2,4.2.1,4.2.1.149
WP_010210414,MTAQVSTEASHAETLQDEVLAEVRNHIGHLTLNRPAGLNAITLQMVRSLASQLQAWADDPQVYAVVLRGAGEKAFCAGGDIRSLYDSFKNGDTLHQDFFVEEYALDLAIHHYRKPVVALMDGFVLGGGMGLVQGADLRVVTERSRLAMPEVAIGYFPDVGGSYFLPRIPGELGIYLGVTGVQIRAADALYCGLADWYLDSTRLADLDQKLDRLQWHDAPLKDLQGVLAKLAVQQLPDAPLAALRPAIDHFFALPDVPSIVEQLQQVTVADSHEWALTTARLMQTRSPLAMAVTLEMLRRGRRLPLEQCFALELHLDRQWFERGDLIEGVRALIIDKDKSPRWNPPTLHGLALSHVESFFHHFEKVAN,A0A5E6MNN8,95.913,367.0,15.0,0.0,1.0,367.0,1.0,0.0,724.0,A0A5E6MNN8_PSEFL,4.2.1.149,4,4.2,4.2.1,4.2.1.149
WP_054597490,MNFNLSEEHLAVQEAARDFAQTELLPGIVERDNEARFPVDQVKRMGELGFMGMMVSPDYGGGGMDTVAYVLAMEEISKVDASASVVMSVNNSLVCYGLEAFGTEEQKQKYLTRLASGETLGAFCLSEPEAGSDATSQATTAEDKGDYYLVNGTKNWITNGGSSGICLVIAQTDREKKHRGINCLIVEKGTPGFVVGKKEDKMGIRASDTHSLLFTDVHVPKENRIGEDGFGFKFAMSTLNGGRIGIAAQALGIAAGAYELSLKYSQERKAFGKQIFDHQAIQFKLAEMATKIEAARLLVYKAARLKDEHKDYVQAAAMAKLFASDVAMWATTEAVQIHGGYGYVKEFHVERLMRDAKITQIYEGTSEIQKLVIARELIR,D2QS24,48.118,372.0,193.0,0.0,4.0,375.0,6.0,1.3100000000000002e-125,369.0,D2QS24_SPILD,1.3.8.1,1,1.3,1.3.8,1.3.8.1
WP_010210411,MNFNLSEEHLAVQEAARDFAQTELLPGIVERDNEARFPVDQVKRMGELGFMGMMVSPDYGGGGMDTVAYVLAMEEISKVDASASVVMSVNNSLVCYGLEAFGTEEQKQKYLTRLASGETLGAFCLSEPEAGSDATSQATTAEDKGDYYLVNGTKNWITNGGSSGICLVIAQTDREKKHRGINCLIVEKGTPGFVVGKKEDKMGIRASDTHSLLFTDVHVPKENRIGEDGFGFKFAMSTLNGGRIGIAAQALGIAAGAYELSLKYSQERKAFGKQIFDHQAIQFKLAEMATKIEAARLLVYKAARLKDEHKDYVQAAAMAKLFASDVAMWATTEAVQIHGGYGYVKEFHVERLMRDAKITQIYEGTSEIQKLVIARELIR,D2QS24,48.656,372.0,191.0,0.0,4.0,375.0,6.0,4.17e-126,370.0,D2QS24_SPILD,1.3.8.1,1,1.3,1.3.8,1.3.8.1
WP_054597491,MEHNDVVIVAAKRTPMGAMLGNLSALSSPELGAVAHMAALSQSGIAPAEIDEVISGCVLQAGIGQAPARQAAIKAGIPNSTGATTINKMCGSGMKAVMLAHDLIKAGTANVILASGMESMSNAPYLLSKARAGYRLGHGELKDHMFLDGLEDAYDKGQLMGCFAETTAKHFNFSREQQDEYALRSMTKALKAIENGAFREEIAPVTLTTRKGDITVDVDEGPETAKLAKIPQLKPAFQADGTVTAANSSSISDGAASLILMSASNAEKRGIKPLAKIIAHASHSQAPQWFTTAPVDAIRKVMNKASWKQDDVDLFEINEAFAVVAMAAITQLELNPEQVNIHGGACALGHPIGASGARILVTLMHALKHQGKKRGIASLCIGGGEATAMAIELI,A0A128XET3,60.406,394.0,156.0,0.0,3.0,396.0,1.0,3.38e-174,494.0,A0A128XET3_LEGPN,2.3.1.9,2,2.3,2.3.1,2.3.1.9
WP_054598124,MAFKPLIGVTACIKQIGLHPYHVSGDKYLRAVSVAALGLPVVIPSLAELTEIDELLEHLDGLLLTGSPSNVEPFHYQGPDSAPGTEHDQQRDGTTLPLLRAAVAAGVPVLGICRGFQEMNVAFGGSLHQKVHELQGFLDHREADHPDLAVQYAPAHAVSVQPGGVFQALDLPQVFQVNSIHSQGIDRLAPGLRAEAIAPDGLIEAISVEHSKAFAVGVQWHPEWQVLSNPPYLSIFQAFGDACRQRAALRYAR,A0A5E7AZV4,92.885,253.0,18.0,0.0,1.0,253.0,1.0,2.14e-164,457.0,A0A5E7AZV4_PSEFL,3.5.1.94,3,3.5,3.5.1,3.5.1.94
WP_060740154,MAFKPLIGVTACIKQIGLHPYHVSGDKYLRAVSVAALGLPVVIPSLAELTEIDELLEHLDGLLLTGSPSNVEPFHYQGPDSAPGTEHDQQRDGTTLPLLRAAVAAGVPVLGICRGFQEMNVAFGGSLHQKVHELQGFLDHREADHPDLAVQYAPAHAVSVQPGGVFQALDLPQVFQVNSIHSQGIDRLAPGLRAEAIAPDGLIEAISVEHSKAFAVGVQWHPEWQVLSNPPYLSIFQAFGDACRQRAALRYAR,A0A5E7AZV4,73.016,252.0,68.0,0.0,1.0,252.0,1.0,5.88e-127,363.0,A0A5E7AZV4_PSEFL,3.5.1.94,3,3.5,3.5.1,3.5.1.94
WP_086936699,MAFKPLIGVTACIKQIGLHPYHVSGDKYLRAVSVAALGLPVVIPSLAELTEIDELLEHLDGLLLTGSPSNVEPFHYQGPDSAPGTEHDQQRDGTTLPLLRAAVAAGVPVLGICRGFQEMNVAFGGSLHQKVHELQGFLDHREADHPDLAVQYAPAHAVSVQPGGVFQALDLPQVFQVNSIHSQGIDRLAPGLRAEAIAPDGLIEAISVEHSKAFAVGVQWHPEWQVLSNPPYLSIFQAFGDACRQRAALRYAR,A0A5E7AZV4,73.81,252.0,66.0,0.0,1.0,252.0,1.0,1.49e-126,362.0,A0A5E7AZV4_PSEFL,3.5.1.94,3,3.5,3.5.1,3.5.1.94
WP_060739768,MSKTNESLMQRRVAAVPRGVGQIHPIFVDTAKNSTVIDVEGRELIDFAGGIAVLNTGHLHPKVVAAVQEQLTKVSHTCFQVLAYEPYVELCEKINKLVPGDFDKKTLLVTTGSEAVENAVKIARAATGRAGVIAFTGGYHGRTMMTLGLTGKVVPYSAGMGLMPGGIFRALFPSELHGISVDDAIASVERIFKNDAEPRDIAAIILEPVQGEGGFLPAPKELMKRLRALCDQHGILLIADEVQTGAGRTGTFFAMEQMGVAPDLTTFAKSIAGGFPLAGVCGKAEYMDAIAPGGLGGTYAGSPIACAAALAVIEVFEEEKLLDRSKAVGERLTAGLREIQKKYPIIGDVRGLGSMIAVEVFEKGTHTPNAAAVGQVVAKAREKGLILLSCGTYGNVLRILVPLTAEDALLDKGLAIIEECFAEIA,Q88RB9,86.353,425.0,57.0,1.0,1.0,425.0,1.0,0.0,754.0,DAVT_PSEPK,2.6.1.48,2,2.6,2.6.1,2.6.1.48
WP_060739786,MGALSHLRVLDLSRVLAGPWAGQILADLGADVIKVERPGNGDDTRAWGPPFLKDAYGENTSEAAYYLSANRNKQSVTIDFTRPEGQKLVRELAARSDILIENFKVGGLAAYGLDYESLKAINPNLIYCSITGFGQTGPYAKRAGYDFMIQGLGGLMSLTGRPEGEEGAGPVKVGVALTDILTGLYSTVAILAALAHRDQDGGGQHIDMALLDVQVACLANQAMNYLTTGNAPKRLGNAHPNIVPYQDFPTADGDFILTVGNDGQFRKFAEVAGQPQWADDPRFATNKMRVANRAELIPLIRQATVFKTTTEWVLQLEQAGVPCGPINDLAQMFADPQVKARGLAIELPHALAGRVPQVASPIRLSETPVEYRNAPPLLGEHTLEVLQRVLGLDADAVAAFKEAGVL,A0A5E7ILA2,94.335,406.0,23.0,0.0,1.0,406.0,1.0,0.0,783.0,A0A5E7ILA2_PSEFL,2.8.3.19,2,2.8,2.8.3,2.8.3.19
WP_060740275,MTNPPSSGRTIGVVGTGVIGAGWTVRALARGHSVVAWDPDSGAQARLREFVARAWPSATRLGLFPGANSENITFASSVAELAGMVDWIQENAPEREDLKRNLINELAGAASPDTVIASSSSGLLPSRLQQGCRHPERFVIGHPFNPVYLLPLVEIVAGSQTSPETVDAAVAHYDDLVMHPLVVDTEIEGYLSDRLQEAIWREILHLVKDGVATTAQLDDAITYGPGLRWAGMGTNLTFHLAGGEQGMRHMLRQFGPALELPWTRLVAPELTDDLVEAMADGCLEQADGRSVADLEALRDDYVINVMRALRPLDLGAGRLVAEREARIHSASAVEPWRSGEPVAAPLDFYRAPVEPDWVDYNGHMSEWAFLTAFGWASDKLFRYLGIDEAYRDSGHSFFTVETHLNNLREASLGDTLQIVTQVLGFDDKRLHIFHTMRNDETGELLATTEQMLLHVDNVAGRTAPILAGPTMALRSVAAAHSDLPVPRQVGRVIALG,A0A2E6XSM2,45.033,151.0,82.0,1.0,4.0,154.0,346.0,5.44e-35,129.0,A0A2E6XSM2_9ACTN,1.1.1.108,1,1.1,1.1.1,1.1.1.108
WP_060740332,MLEYKAPLRDIRFIIDEVLDSGAVYETLPGYEEATPDLMAAIIEEGAKFAEGVLSPLNQSGDEEGCSWSEDGVKTPAGFADAYRQFVENGWPSLSADPEFGGQGMPNMLGIVINEMVGTANWSWLMYPGLSHGCIKTLEAHGSDEQKARYLPKLVAGEWTGTMCLTEAQCGSDLGLLRTRAEPQADGSYAITGTKIFISAGEHDMAGNIVHIVLARLPDAPEGTKGISLFVVPKFTVNEDSSLSERNAVHCASIEKKMGIKASATCVMNFDGATGYLIGEPNRGLNLMFTFMNTARIGTAIQGLAHAELSYQGALRYARERLAMRSLTGPKNPEGAADPIIVHPDVRRMLLTQKAIAEGSRAMLYYLAQLGDVVDRGDETRAKQADDLMALLTPIAKAFVTEAGFEAANHGVQIYGGHGFIREWGMEQIVRDARIAMLYEGTTGIQALDLLGRKVLGSGGKLLTAFTDHVGEFIAAHDDEAVVEFLEPLGRYKDEWLRLSLAVGEKAMSNADEAGAAAVDYLMYAGYVTLGYFWARMAVVAQAKLAAGEDDKDFYEAKLHTARFYFQRLLPRADAHRAALESGADNLMAMPEALFAL,A0A095XYM8,67.613,599.0,192.0,2.0,1.0,599.0,1.0,0.0,841.0,A0A095XYM8_9GAMM,1.3.8.7,1,1.3,1.3.8,1.3.8.7
WP_010207016,MLEYKAPLRDIRFIIDEVLDSGAVYETLPGYEEATPDLMAAIIEEGAKFAEGVLSPLNQSGDEEGCSWSEDGVKTPAGFADAYRQFVENGWPSLSADPEFGGQGMPNMLGIVINEMVGTANWSWLMYPGLSHGCIKTLEAHGSDEQKARYLPKLVAGEWTGTMCLTEAQCGSDLGLLRTRAEPQADGSYAITGTKIFISAGEHDMAGNIVHIVLARLPDAPEGTKGISLFVVPKFTVNEDSSLSERNAVHCASIEKKMGIKASATCVMNFDGATGYLIGEPNRGLNLMFTFMNTARIGTAIQGLAHAELSYQGALRYARERLAMRSLTGPKNPEGAADPIIVHPDVRRMLLTQKAIAEGSRAMLYYLAQLGDVVDRGDETRAKQADDLMALLTPIAKAFVTEAGFEAANHGVQIYGGHGFIREWGMEQIVRDARIAMLYEGTTGIQALDLLGRKVLGSGGKLLTAFTDHVGEFIAAHDDEAVVEFLEPLGRYKDEWLRLSLAVGEKAMSNADEAGAAAVDYLMYAGYVTLGYFWARMAVVAQAKLAAGEDDKDFYEAKLHTARFYFQRLLPRADAHRAALESGADNLMAMPEALFAL,A0A095XYM8,66.945,599.0,196.0,2.0,1.0,599.0,1.0,0.0,833.0,A0A095XYM8_9GAMM,1.3.8.7,1,1.3,1.3.8,1.3.8.7
WP_060740343,MSYEPATAATVAGLSVSGVKTMRVALYQCPPRPLDVAGNLQRLHQVAMEATDADLLVLPEMFLSGYNIGLEAVGALAEAQDGPSAQRIAAIAQAAGTAILYGYPERSVDGQIYNAVQLIDAQGQRLCNYRKTHLFGDLDHSMFSAGEDDFPLVELDGWKLGFLICYDIEFPENARRLALAGAELILVPTANMIPYDFVADVTIRARAFENQCYVAYANYCGHEEQIRYCGQSSIAAPDGSRIALAGLDEALIIGTLDRQLMGESRALNRYLSDRRPELYDDLSKR,P55176,76.515,264.0,62.0,0.0,1.0,264.0,22.0,2.46e-142,403.0,YPQQ_PSEPH,3.5.-.-,3,3.5,0,0
WP_060740344,MNKNNRHPADGKKPITIFGPDFPFAFDDWIEHPAGLGSIPEHNHGAEVAIVGGGIAGLVAAYELMKLGLKPVVYEASKMGGRLRSQAFNGAEGIVAELGGMRFPVSSTAFYHYVDKLGLETKPFPNPLTPASGSTVIDLEGQTHYAQKLSDLPALFQEVADAWADALEAGSQFSDIQQAIRDRDVPRLKELWNTLVPLWDDRTFYDFVATSKAFAKLSFHHREVFGQVGFGTGGWDSDFPNSMLEIFRVVMTNCDDHQHLVVGGVEQVPQGIWRHVPERCAHWPAGTSLSSLHGGAPRTGVKKIAHAPGGRFAVTDNWGDTREYAAVLTTCQSWLLTTQIECDETLFSQKMWMALDRTRYMQSSKTFVMVDRPFWKDKDPETGRDLMSMTLTDRLTRGTYLFDNGDDKPGVICLSYSWMSDALKMLPHPVEKRVKLALDALKKIYPKVDIAARIIGDPITVSWEADPHFLGAFKGALPGHYRYNQRMYAHFMQDDMPAEQRGIFIAGDDVSWTPAWVEGAVQTSLNAVWGIMKHFGGATHAENPGPGDVFNEIGPIALPE,K9NRA1,94.464,560.0,31.0,0.0,1.0,560.0,1.0,0.0,1104.0,K9NRA1_9PSED,1.13.12.3,1,1.13,1.13.12,1.13.12.3
WP_060741122,MNKDYSRNLVGYGANPPNPNWPNNARVAVSFVLNYEEGGERCVLHGDDESEAFLSEIPSAAPIKGERHISMESIYEYGSRAGVWRVLRLFEQYDIPLTIFAVAMAVERYPEVAKAMKDAGHEICSHGYRWIDYQYMDESQERDHMAKAISIIKEITGERPLGWYTGRTGPNTRRLVAEEGGFLYDSDAYDDDLPYWHTETGRAQLVIPYTLDVNDMRFATTQGFNSGEQFYQYLKDTFDTLYEEGEHAPKMMSVGLHCRLIGRPGRIASLRRFLDYVKQHEDVWLCRRVDIAKHWHEHHPYNPN,A0A090RUR9,73.684,304.0,78.0,1.0,1.0,304.0,1.0,1.42e-166,467.0,A0A090RUR9_9VIBR,1.7.3.3,1,1.7,1.7.3,1.7.3.3
WP_060741243,MTSNAVTEHRAQLGEGPFWDAPTQALYWVDIAGKQALRLIGANVQIWQMPEHVSAFIPCESGDALVTLSSGVYRLDLDSPGLDPRLTLLCVADPQPGNRANEARCDAQGRLWLGTMQNNIGEQGEDLPIVRRSGGLFRIDRDARVTPLLRGLGIPNTLLWGDDGTTVYFGDSLDDTLYQHFIRTDGNLEPAQTWFGPHDRGGPDGSAMDVEGFVWNARWDGSCLLRLSPDGKVDRVIELPVSRPTSCVFGDADLKTLYITSAASPLGHPLDGAVLAIRVDVPGKLCTRFSG,A0A5E7HAQ5,84.536,291.0,45.0,0.0,1.0,291.0,1.0,0.0,509.0,A0A5E7HAQ5_PSEFL,3.1.1.99,3,3.1,3.1.1,3.1.1.99
WP_060741989,MSDKTPPLRSAQWFGSADKNGFMYRSWMKNQGIADHQFQGKPIIGICNTWSELTPCNAHFRTIAEHVKRGVIEAGGFPVEFPVFSNGESNLRPTAMLTRNLASMDVEEAIRGNPIDGVVLLTGCDKTTPALLMGAASCDVPAIVVTGGPMLNGKHKGKDIGAGTIVWQMHESYKAGNISLDEFLSAEAGMSRSAGTCNTMGTASTMACMAEALGTSLPHNAAIPAVDARRYVLAHMSGMRAVQMVREDLRLSKVLTKEAFENAIRVNAAIGGSTNAVIHLKAIAGRIGVDLELDDWTRIGRGTPTLVDLQPSGRFLMEEFYYAGGLPAVLRRMGEHDLIPHPNALTVNGQSLWDNVKNSPIYGDDEVIRTLDNPLVADGGICVLRGNLAPLGAVLKPSAATPALMKHRGQAVVFENFDMYKARINDPELKVSADSILVMKNCGPKGYPGMAEVGNMGLPAKLLAQGVTDMVRISDARMSGTAYGTVVLHVAPEAAAGGPLAAVQEGDWIELDCASGRLHLDIPDAELAARLADIQPPQKLLVGGYRQLYIDHVMQADQGCDFDFLVGCRGAEVPRHSH,A0A2C8EVT7,91.176,578.0,51.0,0.0,1.0,578.0,1.0,0.0,1101.0,A0A2C8EVT7_9PSED,4.2.1.25,4,4.2,4.2.1,4.2.1.25
WP_010211220,MSDKTPPLRSAQWFGSADKNGFMYRSWMKNQGIADHQFQGKPIIGICNTWSELTPCNAHFRTIAEHVKRGVIEAGGFPVEFPVFSNGESNLRPTAMLTRNLASMDVEEAIRGNPIDGVVLLTGCDKTTPALLMGAASCDVPAIVVTGGPMLNGKHKGKDIGAGTIVWQMHESYKAGNISLDEFLSAEAGMSRSAGTCNTMGTASTMACMAEALGTSLPHNAAIPAVDARRYVLAHMSGMRAVQMVREDLRLSKVLTKEAFENAIRVNAAIGGSTNAVIHLKAIAGRIGVDLELDDWTRIGRGTPTLVDLQPSGRFLMEEFYYAGGLPAVLRRMGEHDLIPHPNALTVNGQSLWDNVKNSPIYGDDEVIRTLDNPLVADGGICVLRGNLAPLGAVLKPSAATPALMKHRGQAVVFENFDMYKARINDPELKVSADSILVMKNCGPKGYPGMAEVGNMGLPAKLLAQGVTDMVRISDARMSGTAYGTVVLHVAPEAAAGGPLAAVQEGDWIELDCASGRLHLDIPDAELAARLADIQPPQKLLVGGYRQLYIDHVMQADQGCDFDFLVGCRGAEVPRHSH,A0A2C8EVT7,91.176,578.0,51.0,0.0,1.0,578.0,1.0,0.0,1104.0,A0A2C8EVT7_9PSED,4.2.1.25,4,4.2,4.2.1,4.2.1.25
WP_063322430,MSHFAKVGRVPGDPILGLMDAFRLDPNPAKLDLGVGVYKDARGLTPIPHAVKLAEQRLVDTETTKTYVGGHGDAAFGRLLLDLVLGIGNPLEAAGRAGATQTPGGTGALRLAAEFIAHKLPGRGIWLSNPTWPIHETIFAGVGLAVHHYPYVDAANRLDVEAMLAALDQVPVGDVVLLHACCHNPTGFDLGADDWRRVLDVVKRRELLPLIDFAYQGFGDGLEQDAWAVRLFAEALPELLVTTSCSKNFGLYRERTGALIVCASDSEKLTDVRSQLAFLARNLWSTPPAHGAAVVATILGEATLKAQWVAELEAMRSRVAELRRGLVDALQPYGLAERFAHIGEQRGMFSYTGLTPEQVARLRAEFSVYMVGTGRANVAGLDFSRIDDLAKAISAVC,S6AP32,75.19,395.0,98.0,0.0,2.0,396.0,3.0,0.0,617.0,S6AP32_PSERE,2.6.1.57,2,2.6,2.6.1,2.6.1.57
WP_015275719,MSHFAKVGRVPGDPILGLMDAFRLDPNPAKLDLGVGVYKDARGLTPIPHAVKLAEQRLVDTETTKTYVGGHGDAAFGRLLLDLVLGIGNPLEAAGRAGATQTPGGTGALRLAAEFIAHKLPGRGIWLSNPTWPIHETIFAGVGLAVHHYPYVDAANRLDVEAMLAALDQVPVGDVVLLHACCHNPTGFDLGADDWRRVLDVVKRRELLPLIDFAYQGFGDGLEQDAWAVRLFAEALPELLVTTSCSKNFGLYRERTGALIVCASDSEKLTDVRSQLAFLARNLWSTPPAHGAAVVATILGEATLKAQWVAELEAMRSRVAELRRGLVDALQPYGLAERFAHIGEQRGMFSYTGLTPEQVARLRAEFSVYMVGTGRANVAGLDFSRIDDLAKAISAVC,S6AP32,76.142,394.0,94.0,0.0,2.0,395.0,3.0,0.0,606.0,S6AP32_PSERE,2.6.1.57,2,2.6,2.6.1,2.6.1.57
WP_063324030,MSALPAHRDVVRPEWIDYNGHLSEPYYVLVFGDATTALMEHTGMDAGYRDTTGCSLYTVEAHVRYLREIGADAELEVTTRVLGRDAKRLRLWHELRTAGRLCATEELMCLHVGPGGTAPFPDGVAADLDALVTGDPVPEHAGRAVQEVTRPPT,A0A1Q8LRY1,42.105,152.0,81.0,3.0,1.0,152.0,1.0,2.87e-34,120.0,A0A1Q8LRY1_9PSEU,4.2.1.55,4,4.2,4.2.1,4.2.1.55
WP_063324031,MQFLRLEDPIAGKLRSYRGLQLFQEMTMSFITEIKTFAALGSGVIGSGWVSRALAHGLDVVAWDPAPGAEAALRKRVANAWGALEKQGLAPGASQNRLRFVATIEECVKDADFIQESAPERLELKLELHAKISAAAKPNALIGSSTSGLLPSEFYESSTHPERCVVGHPFNPVYLLPLVEVVGGKNTAPQAIQAAIKVYESLGMRPLHVRKEVPGFIADRLLEALWREALHLVNDGVATTGEIDDAIRFGAGLRWSFMGTFLTYTLAGGDAGMRHFMAQFGPALQLPWTYLPAPELTDKLIDDVVEGTAEQLGTHSISALERYRDDCLLAVLEAVKTTKAKHGMSFSE,A0A3G7BUC9,93.769,321.0,20.0,0.0,1.0,321.0,28.0,0.0,628.0,A0A3G7BUC9_9PSED,1.1.1.108,1,1.1,1.1.1,1.1.1.108
WP_063320756,MRIIRYVEDGIVKIGSISDDLYLCELDVRDAMDVFDQAQKAGQSALSYIVADRAGKEIKQVNWNELEIIIPLDAPEVWAAGVTYGRSKEARNYEATNGKLDALTFYDKVYDAVRPELFMKSTAARTVGPGQDVCIRNDSNWQVPEPELGLVLSSSGEIVGYIVGNDMSSRDIEGENPLYLPQAKVWRQSCSIGPAIRIAETVDNPYLLEMTLRIYRDGQLVVEESANTSQLKRTLEELVSFLVRDNVVFNGTVLLTGTCIVPPNQFTLVEHDLIEIEIESIGKLVNSVTKA,A0A7W5CE00,29.5,200.0,111.0,9.0,66.0,260.0,64.0,4.49e-10,62.8,A0A7W5CE00_9BACL,4.2.1.141,4,4.2,4.2.1,4.2.1.141
WP_003280093,MAWTREQMAQRAAKELQDGFYVNLGIGLPTLVANYIPEGMDVWLQSENGLLGIGPFPTEETIDPDLINAGKQTVTALPGSSYFDSALSFAMIRGGHINIAILGAMQVSEKGDLANWMIPGKMVKGMGGAMDLVAGVKRVVVLMEHTAKGAHKILPVCDLPLTGVGVVNRIITDLGVLDVTPEGLKLVELAEGVTFEALQEATGCSVMA,N2IY61,91.304,207.0,17.0,1.0,1.0,207.0,1.0,1.56e-136,383.0,N2IY61_9PSED,2.8.3.6,2,2.8,2.8.3,2.8.3.6
WP_003294550,MQQSTSTGKRSKRFASAAEALQGVVADGQTLAVGGFGLCGIPEALIAALRDSGAKGLTVISNNAGVDGFGLGQLLETRQIKKMISSYVGENKEFERQFLAGELELEFNPQGTLAERLRAGGAGIPAFFTATGYGTVVAEGKETREFDGKHYVMETALRADVALVKAWKADEAGNLVFRKTARNFNPACAMAGKVCIAEVEEIVPVGAIDPDQVHLPGIYVHRIVHNAHPEKRIEQRTIARRATDMAWTRDEMAARAARELTDGAYVNLGIGLPTLVANHIPEGVDVWLQSENGLLGIGPFPTDAEVDADLINAGKQTVTARAGASYFGSHDSFAMIRGGHVNLAILGAMQVTDKGDLANWMVPGKMVKGMGGAMDLVAGVQRVVVLMEHTAKNGEHKILAECTLPLTGVGVVDRIITDLAVFDVTDAGLVLVEAAPGVSDDELKEKTGVAFARR,A0A699Y8C5,78.947,228.0,48.0,0.0,2.0,229.0,11.0,1.79e-131,380.0,A0A699Y8C5_STEMA,2.8.3.8,2,2.8,2.8.3,2.8.3.8
WP_015278222,MKLATLKNGTRDGQLVVVSRDLAQCVAVPAIAATLQAALDNWDEAAPQLKQIYALLNQGSATGAQAFDEAQCHSPLPRAYQWADGSAYINHVELVRKARNAEVPASFYTDPLMYQGGSDSFVGPRDAVYALSEDWGIDLEAEVAVVTGDVKMGASDEEAGQAIRLVMLVNDVSLRNLIPNELAKGFGFYQSKPASAFSPVAVTPDELGDDWSGHKLHLPLLVTLNGKPFGKPNAGEDMTFSFAQLVAHAARTRELGAGTIIGSGTVSNKQGSLHGSSIENGGVGYCCLAEVRMYETIESGAPQTGFLKFGNTVRIEMQDKQGASIFGAIDQTVRNYQERS,A0A7W5B8Z3,65.476,336.0,105.0,2.0,1.0,325.0,1.0,1.48e-153,436.0,A0A7W5B8Z3_9BURK,3.7.1.2,3,3.7,3.7.1,3.7.1.2
WP_015278495,MQTTLSEDARRLPRAEEAERILRSCVHCGFCNATCPTYQLLGDELDGPRGRIYLIKQVLEGNEVTQKTQQHLDRCLSCRNCETTCPSGVDYHNLLDIGRAVVDAAVQRPLSQRLLREGLRSVVPNPALFNLLIGSGQLFRALLPNTLQAKLPRRVYPPKPRPTTRHARQVLMLEGCVQPSLSPNTNAATARVLDRLGISVISTREAGCCGAVDYHLDAQAAGLERARRNIDAWWPSIENGAEAIVQTASGCGAFIKDYGHLLSTDPAYADKAHRVSALARDLVEVLRGEPLDKLGVHSDQRLAFHCPCTLQHAQKLGGAVETLLTSLGFNLTAVPDGHLCCGSAGTYSLTQPELSRQLRDNKLNALESGHPDVIVTANIGCQSHLDGAGRTPVRHWIELVEAALPSPGTAESLQLHAPKPPAI,A0A5M9IA02,75.495,404.0,99.0,0.0,1.0,404.0,1.0,0.0,652.0,A0A5M9IA02_PSEMA,1.1.99.14,1,1.1,1.1.99,1.1.99.14
WP_015278496,MLRECDYSQALLEQVNQAISDKTPLVIQGSNSKAFLGRPVTGQTLDVRCHRGIVNYDPTELVITARVGTPLVTIEAALESAGQMLPCEPPHYGEEATWGGMVACGLAGPRRPWSGSVRDFVLGTRIITGAGKHLRFGGEVMKNVAGYDLSRLMVGSYGCLGVLTEISMKVLPRPRASLSLRREISLQEAMSEIAEWQLQPLPISGLCYFDNALWIRLEGGEGSVKAARELLGGEEVAGQFWQQLREQQLPFFSLPGTLWRISLPSDAPMMDLPGEQLIDWGGALRWLKSTAEDNQIHRIARNAGGHATRFSAGDGGFAPLSAPLFRYHQQLKQQLDPCGVFNPGRMYAEL,P52073,65.13,347.0,119.0,1.0,7.0,353.0,6.0,8.7e-162,459.0,GLCE_ECOLI,1.1.99.14,1,1.1,1.1.99,1.1.99.14
WP_015278497,MNILHDESVDGVLPRVDKQQLLSALAADIPDLTVLSRSEDLRPYECDGLSAYRTMPLLVLLPERIEQVESILVICHRLQVPVVARGSGTGLSGGALPLEQGVLLVMSRFNRILEINAQGRYARVQPGVRNLAISQAAAPFNLYYAPDPSSQIACSIGGNVAENAGGVHCLKYGLTVHNLLQVQILTVEGERLTLGAESLDCPGFDLLALFTGSEGMLGVVTEVTVKLLPKPQVAKVLLAAFDSVEQAGAAVGRIIAAGIIPGGLEMMDNLAIRAAEDFIHAGYPVDAAAILLCELDGVESDVHDDCTRVRRILVEAGATQVRQAEDEAERVRFWAGRKNAFPAVGRISPDYYCMDGTIPRRALPGVLKAIAELSREYDLRVANVFHAGDGNMHPLILFDANTPGELERAEQLGGRILELCVSVGGSITGEHGVGREKINQMCVQFNADELTALHAIKAAFDPAGLLNPGKNIPTLHRCAEFGALHVHNGQLPFPELERF,A0A0N0E1V1,84.369,499.0,78.0,0.0,1.0,499.0,1.0,0.0,877.0,A0A0N0E1V1_9PSED,1.1.3.15,1,1.1,1.1.3,1.1.3.15
WP_011758678,MNFYNKEFLEQHIKSILDFYEPIIIDEKGGYFQNFYDNGERFNEGFKQLVSSTRIIVNYALAGQLFADRDYRERAKHGLHFLENHHWLEDEKKYVWTFNNGEPDDLTQQAYGYAFVLLAYAALKKVTVIQDKGPLDFIYEQLEEKFWQPEYGLYADEISAAGELSDYRGQNSNMHMCEAMIAAFEATGDHKFLNRAKTLAGNIAQRQATLSDGLIWEHFDTRFNLDWEYNKEDPKNLYRPWGFQPGHQTEWAKLLLQLHRLAPEDWLLEKAQELFDRAWQAAWDEQYGGLIYGFDPQGKWCDDDKYFWVQAESFAAAAMLYSATGNEKYKQQYDRLWEYCWEHFVDHEYGAWFRILRRDNSKYSNEKSSAGAKCDYHTIGACLEVLKVLAGQ,A0A0C5VQS2,61.538,390.0,149.0,1.0,1.0,389.0,1.0,0.0,520.0,A0A0C5VQS2_9GAMM,5.3.1.7,5,5.3,5.3.1,5.3.1.7
WP_011759520,MRIGIDLGGTKIEVIALSNEGQELFRKRTDTPRFDYQQTLQAIAGLVHDAETATGETGTVGVGIPGTLSPVTGRVKNANSVWLNGQPFDADLSALLQREVRVANDANCLAVSEAVDGAGAGFPVVFAVIIGTGCGAGIALNGQVHSGGNGVAGEWGHNPLPWQDEADRLFKGMADCYCGKQGCTELFISGTGFMADYTALTGEVCKGAEIIRRLSQGDLPAEQVMVNYEQRLAKALGQVVNMLDPDVIVLGGGMSNVDRLYQTVPALMRSRVFGGECDTPIRKAVHGDSSGVRGAAWLWPKV,A0A8H9ZLG3,59.732,298.0,116.0,3.0,3.0,296.0,2.0,3.2e-127,367.0,A0A8H9ZLG3_MORMO,2.7.1.4,2,2.7,2.7.1,2.7.1.4
WP_011760212,MTIKNVICDIDGVLMHDNVAVPGAAEFLHGIMDKGLPLVLLTNYPSQTGQDLANRFATAGVDVPDSVFYTSAMATADFLRRQEGKKAYVVGEGALIHELYKAGFTITDVNPDFVIVGETRSYNWDMMHKAAYFVANGARFIATNPDTHGRGFYPACGALCAGIEKISGRKPFYVGKPSPWIIRAALNKMQAHSEETVIVGDNLRTDILAGFQAGLETILVLSGVSSLDDIDSMPFRPSWIYPSVAEIDVI,P0AF25,71.66,247.0,70.0,0.0,1.0,247.0,3.0,1.63e-138,391.0,NAGD_ECO57,3.1.3.5,3,3.1,3.1.3,3.1.3.5
WP_011760344,MRIGIDLGGTKTEIIALSDSGDELFRHRQPTPRDYHQTLDLLASLVALTEKETGQTGTVGMGIPGSISPYTGVVKNANSTWLNGKPFDKDLSQRLNREVRLANDANCLAVSEAVDGAAAGAQTVFAVIIGTGCGAGLAFNGRSHIGGNGTAGEWGHNPLPWMDEDELRYREEVPCYCGKQGCIETFISGTGFGTDYQRLSGHTLKGNEIIRLVEEQDPLAELALSRYELRLAKSLAHVVNILDPDVIVLGGGMSNVERLYKTVPNLVKNWVFGGECETPIRKALHGDSSGVRGAAWLWPQV,A0A8H9U849,60.667,300.0,115.0,1.0,2.0,298.0,1.0,8.53e-132,379.0,A0A8H9U849_KLUIN,2.7.1.4,2,2.7,2.7.1,2.7.1.4
WP_011760751,MKSQQTQGWQAKDHAHHLHPFTDPKALKQAGGRVITRADGVYIWDSQGNQILDGMAGLWCVNMGYGLRSIADVAAHQLLELPYYNSFFQCSHPPAIELAAEIAALAPPHMNKVFFTGSGSEANDTNLRLVRHYWDIQGKPEKKTIISRHNAYHGSTVAGASLGGMSGMHAQGDLPIPGIVHIAQPYWYGEGQGLSAEEFGIRCARELESKILELGEDKVAAFIAEPIQGAGGVIVPPDSYWPEIKKILAKYDILFILDEVITGFGRTGCYFAAEYYDLEPDLITIAKGMTSGYAPMGGVIVSDKVADALDKGGEFAHGYTYSGHPLSAAVALENLRLMKQENIVAKVAEETAPYLQQRLREVLAQHPLVGEVRGVGMVAALELVADKASHQRFAAELGVGTQCREHSIASGLVMRAVGDTMIIAPPLVITQAQIDELVTKAKQALDMTYASVRKSND,A0A379YTG7,70.175,456.0,131.0,3.0,1.0,455.0,1.0,0.0,643.0,A0A379YTG7_9GAMM,2.6.1.77,2,2.6,2.6.1,2.6.1.77
WP_011760753,MSDATIPVIGVSACNAPLGLQTFNIVGEKYLLGVINGTGGWPLIIPSVGEGIPMSVILERLDGILFTGSPSNVEPHHYAGTASEPGTHHDPRRDATTLPLIRAAIAAGVPVLGICRGFQEMNVAFGGSLYQKLHETGKYMEHREDKQAPLEVQYGLAHTVTLEPGGVIFEAWGRSSAEVNSVHTQGVERLGNGLRPEAYAPDGLIEAFSVKEATNFALGVQFHPEWKVADNAFYLSIFKAFGDACRRRAQDRVR,A0A3S9L7M8,89.764,254.0,26.0,0.0,1.0,254.0,1.0,2.5100000000000002e-173,480.0,A0A3S9L7M8_9GAMM,3.5.1.94,3,3.5,3.5.1,3.5.1.94
NP_436856,MRLLILGTGGMANTHAMHFSQISGVELVGAVDVDDVIVRAFAARHNIGTTFTSLDDAIAWGEFDAVANVTPDSIHHPTTLKLLAAGKHVFCEKPLAETYAKAAEMADAAEKSGLVAMVNLTYRNVAPLQAARQMVTEGKIGKLRHLEASYLQSWLVSKAWGDWMTESKWLWRLSTKHGSNGVLGDVGIHILDFASYGAGSDVERIFTRLKTFDKYEGNRIDVYDLDANDSFTMTAELENGAMGVIHASRWATGHLNELRLRLHGDKGALEVIHTPEYSTLRGCLGEDVEKAVWRDIEVDDVETNYQKFAKAVMEGGQADPNFRHAANLQKVLDLSIVTDRERREIAVSN,A0A1R3TIC8,74.785,349.0,88.0,0.0,6.0,354.0,1.0,0.0,531.0,A0A1R3TIC8_9HYPH,1.1.1.292,1,1.1,1.1.1,1.1.1.292
NP_437724,MKKKAEWPRKLRSQEWYGGTSRDVIYHRGWLKNQGYPHDLFDGRPVIGILNTWSDMTPCNGHLRELAEKVKAGVWEAGGFPLEVPVFSASENTFRPTAMMYRNLAALAVEEAIRGQPMDGCVLLVGCDKTTPSLLMGAASCDLPSIVVTGGPMLNGYFRGERVGSGTHLWKFSEMVKAGEMTQAEFLEAEASMSRSSGTCNTMGTASTMASMAEALGMALSGNAAIPGVDSRRKVMAQLTGRRIVQMVKDDLKPSEIMTKQAFENAIRTNAAIGGSTNAVIHLLAIAGRVGIDLSLDDWDRCGRDVPTIVNLMPSGKYLMEEFFYAGGLPVVLKRLGEAGLLHKDALTVSGETVWDEVKDVVNWNEDVILPAEKALTSSGGIVVLRGNLAPKGAVLKPSAASPHLLVHKGRAVVFEDIDDYKAKINDDNLDIDENCIMVMKNCGPKGYPGMAEVGNMGLPPKVLKKGILDMVRISDARMSGTAYGTVVLHTSPEAAVGGPLAVVKNGDMIELDVPNRRLHLDISDEELARRLAEWQPNHDLPTSGYAFLHQQHVEGADTGADLDFLKGCRGNAVGKDSH,B5ZZ34,75.13,579.0,144.0,0.0,1.0,579.0,1.0,0.0,919.0,ARAD_RHILW,4.2.1.25;4.2.1.6;4.2.1.67,4,4.2,4.2.1,4.2.1.25;4.2.1.6;4.2.1.67
NP_437227,MQRMGMVLGVKPDMVATYKELHAAVWPEILALLTRCNIRNYTIFLREPENLLFGYYEYHGSDYEADMALMAADPKNQEWWSFCIPCQAPLETRAEGEWWAMMEPVFHME,A0A1Q9A6E2,73.832,107.0,28.0,0.0,1.0,107.0,1.0,2.39e-58,177.0,A0A1Q9A6E2_9HYPH,5.1.3.32,5,5.1,5.1.3,5.1.3.32
NP_437228,MDAALDHLQQRWPLPAKPRPIAIIGAGAIVRDAHLPAYRKAGLEVAAIHDRDLGKARDLAAQYGIARVCESIAELAAIPGVVFDLALVPEAALMALEQLPEGATVLIQKPLGRTLAETRQIVELCHRRQLIAAVNFQLRFTPMMLAVRDALARGLLGELLDVEVRLACRTSWHLWPFMSDLEQVEVPMHSIHYLDLIRSLLGEPRSVMSRSVPHPAHPTLRDARTSTILDFEAPVRCCLSLNHTYQFGPEGEAATLRIEGTRGAVEVKLGLLLNYPNGEPETLRLATLGLSEGLGAAAFNWTDIPLEGRWFPDGFIGTMSNLQRFAAGEDPVLHTAVDDALHTMELVDACARSSAQGGIRPSRSELQA,A0A6S7BIN1,51.003,349.0,161.0,4.0,10.0,348.0,8.0,3.65e-112,333.0,A0A6S7BIN1_9BURK,1.1.1.369,1,1.1,1.1.1,1.1.1.369
NP_437492,MKKIVALGEVLVEIMATESGQSFRTPGYFIGPYPSGAPAIFIDQVARLNYPCGIISCVGNDDFGHLNIDRLKKDGVDVSAINIISDSTTGSAFVTYKVNGERDFIFNITNSACAHISLTAAGAKLLQESSHFHIMGSSLFSSSMVESVKMAVDTIKNRGGTVSFDPNIRKEILSLAGMRETLDDILRQTDIFLPSGQEIAHLTDAANEDDAIEEILGIGVREIVIKRGNEGCSYFDRTQRLSMPAYVAEEVDPTGAGDCFGGTFVTCRLMDMPVGDALRYANASGAIAVSRKGPMEGTSTFDELDEFLSRNN,A0A6J4YA33,53.846,312.0,144.0,0.0,1.0,312.0,1.0,2.7200000000000003e-117,343.0,A0A6J4YA33_9DELT,2.7.1.101,2,2.7,2.7.1,2.7.1.101
NP_385263,MSPIQIAIVGVGKIVRDQHLPALAKNADYRLIAAASRHGTVDGIENFTSIEAMLDAVPAIEAVSLCMPPQYRYEAARSALSARKHVFLEKPPGATLSEVADLEALAQEKGVSLFASWHSRYAPAVEAAKTFLASTAVDKVRIIWKEDVRHWHPNQEWIWAAGGLGVFDPGINALSIMTHILPRPVFITSATLEFPENRDAPIAAMIAFSDAEKLDVAAEFDWRQTGKQSWDIVASTGAGEMVLSEGGAKLAIDGKIVHEEPEQEYPMLYRRFAEIIKAGRSDVDLAPLRHVADAFMLGRRKFVEAFHD,A0A508X9I3,94.481,308.0,17.0,0.0,1.0,308.0,1.0,0.0,594.0,A0A508X9I3_9HYPH,1.1.1.376,1,1.1,1.1.1,1.1.1.376
NP_384884,MLTPVTETEAAELIRGHAGKKTPLHIRGGGTRAGFGNAVTAEATLSSSLLTGIVEYNPAEMVITARAGTPVAEIEAALAANGQGMAFEPMDHRGAMGTSGTPTIGGLFAVNSSGPRRFTAGAARDHLLGVRFVNGAGDVVKAGGKVMKNVTGLDLVKLLAGSHGTLGFLTEVTFKVLPVPKTSTTLVLSSLEDEQAMHALAAAMSLSVEVSGAAHLPESVRGRFIGGSLPEGAATVMRLEGLEASVAVRAEKLAAAMAGFGPVGRLDADQSKTLWREIRDVVPYADGTARPLWRVSMAPSEAWKLVAGLRLRAGIDAYYDWQGGLVWMRAEADPEAEVLRHGIRTLGGGHATLLRAAPQIRAEVAAFEPQAPAVALLSARLKAKLDPHGIFNPGLMT,A0A4S8PS10,63.868,393.0,142.0,0.0,5.0,397.0,2.0,2.2700000000000003e-179,507.0,A0A4S8PS10_9HYPH,1.1.99.14,1,1.1,1.1.99,1.1.99.14
NP_384885,MQTNFSPAQLADPHVAESERILHRCVHCGFCTATCPTYVVLGDELDSPRGRIYLIKDMLENGRAADRETVTHIDRCLSCLSCLTTCPSGVDYMHLVDHARIHIEKTYKRPLKDRFARAVLAAVLPYPSRFRFALRAAGVARPLAGLAKRIAWLKTFGVMLDLAPKAVPPASAGARPATYATRGERRGRVAILTGCAQPVLKPEINEAAIRLLTGQGIEVVVSADEGCCGALVHHMGREEQALEAARRNVDIWLKAAEEDGLDAIIITVSGCGTTIKDYGHMLRLDPGYAEKAAKVSALAKDITEYLAGLELPQREARGMTVAYHSACSMQHGQKITAVPKELLKRAGFTVREPAEGHLCCGSAGTYNILQSEISAKLKARKVRNIEATKPDVIATGNIGCITQIATGTTLPIVHTVELLDWAYGGPKPAGL,A0A4V3ZN37,84.687,431.0,65.0,1.0,14.0,443.0,1.0,0.0,765.0,A0A4V3ZN37_9HYPH,1.1.99.14,1,1.1,1.1.99,1.1.99.14
NP_384521,MRKIIIDTDPGQDDAVAILLALASPDELEVLGITAVAGNVPLSLTQKNARIVCELAGRPDVPVFAGCDAPMARKLVTAEHVHGKTGLDGPSLPDPQMPLQDQHAADFIIDTLRAEPSGSVTLCPIGPLTNIATALQKAPDIVGRVQEIVLMGGAYFEVGNITPTAEFNIYVDPEAADIVFKSGIPLVVMPLDVTHKALVTNARNQAFRALGNAAGVAVAQMTDFFERFDREKYGSDGAPLHDPCVTAYLLKPELFGGRNVNVEIEVTSPLTLGMTVADWWGVTDRPPNAFFIRDIDSDGFFALLTERLARL,A0A0J5TB58,70.0,310.0,93.0,0.0,5.0,314.0,2.0,5.3700000000000006e-161,454.0,A0A0J5TB58_9RHOB,3.2.2.1,3,3.2,3.2.2,3.2.2.1
NP_384733,MTLMISTSVLDAENASRRDALTRDYESLGDRLARRGIDIDAVKAKVAAYGVAVPSWGVGTGGTRFARFPGPGEPRNIFDKLEDCAVIQQLTRATPAVSLHIPWDKVSDLGALKEKGSALGLSFDAMNSNTFSDAPGQAHSYKFGSLSHTDSATRRQAIEHNLECVEIGKALGSKALTVWVGDGSNFPGQSNFTRAFERYLDSMKAVYAALPDDWRIFTEHKMFEPAFYSTVVQDWGTNYLIAQELGPKAFCLVDLGHHAPNVNIEMIVARLIQFKKLGGFHFNDSKYGDDDLDTGSIDPYRLFLVFNELVDAETRAANGFDPAHMLDQSHNVTDPIESLMTSAMEVGRAYAQALIVDRKALAGYQEENDALMASETLKTAFRTDVEPILATARLENDGAIAPVAAYRASGYRARVAAERPAVAGGGGGIV,Q92S14,100.0,430.0,0.0,0.0,1.0,430.0,1.0,0.0,888.0,RHAL_RHIME,5.3.1.-,5,5.3,5.3.1,0
NP_384734,MANDTRAARLENLWDDGKATGMSESELLLYRSNLLGSDKRITNYGGGNTSAKVMEKDPLTGEEVEVLWVKGSGGDVGTIKMDGFATLYMDKLNALKGLYRGLEHEDEMVGYLPHCTFNLNARAASIDTPLHAYVPKKHVDHMHPDAIIAIAASVDSQVLTQEIFGGEIGWLPWKRPGYELGLWLGRFCEENPDARGVILESHGLFTWGDTAKESYETTLEIINKAMDWLDTRIDGPVFGGPKVKTLPAEERRAIAEKLMPKIRGMISETEGKLGHFDDQPAVLEFVGSNRLNELAALGTSCPDHFLRTKIRPLVVDFDPENPDIDKTVAGLPDAIAAYRKDYAAYYERCKHANSPTMRDPNAVIYLVPGVGMISFAKDKATARISAEFYVNAINVMRGASSVSAYQGLSEQEAFDIEYWLLEEAKLQRMPKPKPLAGRIALVTGGAGGIGKATAFRLASEGACVVLADIDDAALEIATAELSSVFSKDIVRGVHLNVTDEAEVAKGFADSVVEFGGLDILVSNAGLASSAPVEETTLALWEKNISILATGYFLVSREAFRLFRYQNAGGNVVFVSSKNGLAASPGASAYCTAKAAEIHLARCLALEGAEAQIRVNTVNPDAVLRGSKIWTGEWKEQRAAAYKMSTDELEAHYRDRSMLKRSVYPEDIAEAIYFLASDMSAKSTGNIINVDAGNAVSFPR,A0A1U9Z8L8,81.545,699.0,129.0,0.0,1.0,699.0,1.0,0.0,1177.0,A0A1U9Z8L8_9HYPH,1.1.1.107,1,1.1,1.1.1,1.1.1.107
NP_384124,MSTTSTDHAVIRLHPKDDVVIATRQLLSGARIASEDLVVAGLIPPEHKIATRTIRAGEPVKRYNQIIGVAKEDIARGQHVHTHNLSMADFKREHEFGIDKHPTPFVDAPATFMGIRRADGRVATRNFVGVLTSVNCSATVARAIADHFRRDVHPEALAAYPNVDGVIALTHGIGCGIDMKGEGINILRRTLAGYAVHPNFHSVLFVGLGCETNQISGVLESGGLKDGEKLRSFTIQDSGGTRKTIERGIAMVEEMLADANSVQREPVPASHIIVGLQCGGSDGYSGISANPALGAAVDKLVAHGGTAILSETPEVYGAEHLLTRRAVSREVGEKLLTRIKWWEAYCERNGAAMDNNPSAGNKVGGLTTILEKSLGAVAKGGTTNLVEVYEYAQRIDAKGFVFMDSPGYDPMSATGQVASGANLICFTTGRGSAYGCAPSPSLKLATNTALWERQEEDMDINCGGVIDGTATIDQLGDEIFQMMLDCASGVASKSEIHGYGQSEFVPWQVGVVT,A0A0L0MD74,54.4,500.0,220.0,3.0,7.0,498.0,11.0,0.0,534.0,A0A0L0MD74_9BURK,4.2.1.7,4,4.2,4.2.1,4.2.1.7
NP_384306,MPNYLIGIDGGGTSCRAAVAAGDGRILGRGKAGAANILTDPETALANIAGAARAAFEEAGLDPAGITQARALVGVAGHNVGDAVHYVKRRLPFAAADIESDGLIALQGALGDEDGAVAILGTGSIYILRQGDTISYVGGWGFTIGDHGSGARIGHALLQESLLAFDGIHEASPVTDSVMAEFKNDPSNVVDFARLAKPGEFGRYAPRVFEAAQLSDPVAVRLLKTAAITIDEALDVVVARGGRKLCLLGGLAPLYRPWLAERHQPLFVEAEADALTGAVALAAQRFGSRKEVGA,A0A395L577,82.313,294.0,52.0,0.0,1.0,294.0,1.0,2.5300000000000003e-164,460.0,A0A395L577_9HYPH,2.7.1.8,2,2.7,2.7.1,2.7.1.8
NP_384741,MGSIRHVGVIDIGKTNVKVAVVDLENQTEITALKRANTIVAAPPYPHYDIDGHWNFILEALASLYSRYPFDAIATTTHGASIVLLDATGNLATPVLDYEHDGPDALAEQYDEVRPSFAETGSPRLSVGLNVGAQLHWLLETDPALAERVAVITTYPQYWTYRLTGKLANEVTSLGCHTDLWNPEQHRYSSLVERLGLTSKMAPVRKAVDIAGTLLPDVAESAGLPPDLVVSCGIHDSNASLLPHLLQRQAPFSVVSTGTWVIALAIGGEDVVLDPERDTLTNVNAFGDPVPSARFMGGREFDTVMEGRPGVASETEVLSVLQKQIMLFPAIETRSGPYQGRLARWSIEEASLTDGERFAAVSCYLAMMTTECLRMIGASGLVIVEGPFAQNALYLDMLRAATARDVEVSQGASTGTSIGAALLACHDKSVAGKNYSSLEGKRVPDPLLKAYADAWIRQTVN,A0A0M6ZJI2,54.386,456.0,204.0,3.0,3.0,454.0,4.0,5.930000000000001e-164,473.0,A0A0M6ZJI2_9HYPH,2.7.1.51,2,2.7,2.7.1,2.7.1.51
NP_387397,MTINATVKEAGFQPASRISSIGVSEILKIGARAAAMKREGKPVIILGAGEPDFDTPEHVKQAASDAIHRGETKYTALDGTPELKKAIREKFQRENGLAYELDEITVATGAKQILFNAMMASLDPGDEVIIPTPYWTSYSDIVHICEGKPVLIACDASSGFRLTAEKLEAAITPRTRWVLLNSPSNPSGAAYSAADYRPLLEVLLRHPHVWLLVDDMYEHIVYDGFRFVTPAQLEPGLKNRTLTVNGVSKAYAMTGWRIGYAGGPRELIKAMAVVQSQATSCPSSISQAASVAALNGPQDFLKERTESFQRRRDLVVNGLNAIDGLDCRVPEGAFYTFSGCAGVLGKVTPSGKRIKTDTDFCAYLLEDAHVAVVPGSAFGLSPFFRISYATSEAELKEALERIAAACDRLS,P58350,100.0,410.0,0.0,0.0,1.0,410.0,1.0,0.0,845.0,AAT_RHIME,2.6.1.1;2.6.1.39,2,2.6,2.6.1,2.6.1.1;2.6.1.39
WP_010211217,MIRILGHNYIGGQRSAAGSIKLQSVDASTGEALPHDFFQATPQEVDAAANAAALAYSVYRSLSAERRAQFLDAIADELDALGDDFVAVVCRETALPAGRIQGERGRTSGQMRLFAKVLRRGDFYGARIDRALPERQPLPRPDLRQYRIGLGPVAVFGASNFPLAFSTAGGDTASALAAGCPVVFKAHSGHMATAEQVADAIIRAAEKTGMPAGVFNMIYGGGVGEALVKHPAIQAVGFTGSLKGGRALCDMAAARAQPIPVFAEMSSINPVIVLPQALQARADTVARDLTTSVVQGCGQFCTNPGLVIGIRSASFSAFVQQVAGLMGDQPAQTMLNAGTLGTYGQGLQKLLAHPGIEHLAGNPQQGNQAQPQLFKADARLLLDGDEVLQEEVFGPTTVVVEVADQAQLTAALNGLHGQLTATVIGEPQDFEQFAGLTALLEQKVGRILLNGYPTGVEVCDSMVHGGPYPATSDARGTSVGTLAIDRFLRPVCFQNYPDSLLPDALKNGNPLRIQRLVDGQPSRDAL,K9NLK5,87.262,526.0,67.0,0.0,1.0,526.0,1.0,0.0,927.0,K9NLK5_9PSED,1.2.1.4,1,1.2,1.2.1,1.2.1.4
WP_010211216,MTVNAVTPHRARLGEGPFWDVRSQALYWVDIAAKQALRLMGGELQVWQLPEHVSAFIPCESGDALVTLSSGVYRLDLATEALTLLCVADPQPGNRGNEARCDAQGRLWLGTMQNNIGEQGEDLPITRRSGGLFRIDADATVTPLLSGLGIPNTLLWSEDGGHVHFGDSMDGTLYHHAIQPDGQLDPARVWFGPHERGGPDGSAMDAEGYIWNARWDGSCLLRLTPLGEVDRIIELPVSRPTSCVFGGPDLTTLYITSAASPLGHPLDGAVLAIEVDVPGKPCHRFAG,A0A3G7UMM1,90.941,287.0,26.0,0.0,1.0,287.0,1.0,0.0,535.0,A0A3G7UMM1_9PSED,3.1.1.15,3,3.1,3.1.1,3.1.1.15
WP_010209382,MTTTTTPPVPFNRLLLTGAAGGLGKVLRERLRPYANVLRLSDIANMAPAADASEEVQPCDLADKQAVHHLVEGVDAILHFGGVSVERSFEEVLGANICGIFHIYEAARRHGVKRVIFASSNHVIGFHKQGEILDAHSPRRPDSYYGLSKSYGEDMASFYFDRYGIETVSIRIGSSFPEPQNRRMMHTWLSFDDLTQLLERALYTPNVGHTVVYGMSANLDTWWDNRYAAHLGFAPKDNSEVFRAQVETQPPVADNDPAKVYQGGAFCAAGPFGD,A0A5E6QVN6,96.715,274.0,9.0,0.0,1.0,274.0,1.0,0.0,551.0,A0A5E6QVN6_PSEFL,1.1.1.203,1,1.1,1.1.1,1.1.1.203
WP_010208316,MSVEHAAVQRADFDQVMVPNYAPAGFIPVRGAGSRVWDQAGRELVDFSGGIAVNVLGHCHPALVGALTEQANNLWHVSNVFTNEPTLRLAKKLVDSTFAERVFFCNSGAEANEAAFKLARRVAHDLYGPEKYEIIAAVNSFHGRTLFTVSVGGQPKYSDGFGPKITGISHVPYNDLEALKAAVTDKTCAVVLEPIQGEGGVLPGELDYLQGARKLCDEHNALLVFDEVQSGMGRSGHLFAYMHYGVTPDILSSAKSIGGGFPLAAMLTTEKLAKHFAVGVHGTTYGGNPLACAVGEAVIDVINTPEVLAGVQRKHQQFKTRLESIGQQYGVFTEVRGLGLLIGCVLSDAWKGKAKDIFNAAEAQDLMILQAGPDVIRFAPSLVIEDADIEEGLNRFERAIAKLTS,Q885K0,85.149,404.0,60.0,0.0,1.0,404.0,1.0,0.0,723.0,ARGD1_PSESM,2.6.1.11,2,2.6,2.6.1,2.6.1.11
WP_038453710,MTTRPLPASSWLNAPAHHAWLAAEGQRLLAFAKASRLPDGFGNLDDKGQLPANAHAETMNSARMTHSFAMAHVMGLPGYAELVAHGVEALGGPLRDREHGGWFATPNALDGNTGKAAYLHAFVALAASSAAVAGAPGAQALLNDAIHIIDQFFWSEEEGVMLESFAQDWSGVEAYRGANSNMHATEAFLALADVTADTRWLDRALRIVERVIHTHAAGNQFMVIEHFDPQWKPLFDYNQDNPADGFRPYGITPGHGFEWARLVLHLEAARLQAGLSTPDWLVSDAKNLFASACEYAWAVEGAAGIVYTLDWNHRPVVRERLHWTHAEASAAAQALLKRTGELHYEIWYRRIWEFCETHFIDRINGSWHHELSPHNQPSSKIWGGKPDLYHAWQAVVLPALPLSPSMTSALAQGAYVTKW,A0A3G7UWE7,89.021,419.0,46.0,0.0,1.0,419.0,1.0,0.0,724.0,A0A3G7UWE7_9PSED,5.1.3.8,5,5.1,5.1.3,5.1.3.8
