qseqid,accession,pident,length,mismatch,gapopen,qstart,qend,sstart,evalue,bitscore,name,sequence,EC,EC1,EC2,EC3,EC4
A0A0F7N9T7,G8S502,27.16,162.0,91.0,4.0,354.0,512.0,281.0,1.72e-08,60.1,G8S502_ACTS5,MAYRQLPALTATVTLTLTLTSAFVPSAAQAAPRGPNAVVTWNLNAQNEIYEVAKQSPATAARSFAMVQGAVYDAVNAVSGVPFEPYLTAPRAHRGYAVDAAVAAAASGVLTSLFPDQADTVQAQYDAALAAIPDGWAENGGVRVGRQAADAMIKARAGDGAFDTSDSYHVGTAPGQWRPTPPTNVQDGAWFADLKPFVLPDAAMFRTAGPPALTGATYAKDLNEVKAIGGVTSTVRTADQTRSAIWWHDRRLTEWDMKRQLAITRHLSPLQTARMFAMVDITNVDALIACYNEKKYWNFWRPITAVREADNDGNPDTTGDPSWTPLLVTPPFPDYTSGHTCSFSAITLTWQRFFGRDDLPISAYSADSGTTRAFPSFSSALAEVIEARIWGGVHFRSADEQGVRIGTSTARYVLAREFRPRR,1.11.1.10,1,1.11,1.11.1,1.11.1.10
A8CF74,A0A1L7F9E8,69.8,500.0,150.0,1.0,1.0,500.0,16.0,0.0,746.0,A0A1L7F9E8_9PSEU,MPRSVVIVGGGTAGWMTASYLKAAFADRIEVTLVESARVGTIGVGEATFSTVRHFFDYLGLDEREWMPACQATYKLAIRFEDWRHKGHHFYHPFERQRMVDGFPITDWWLQQGVTDRFDRDCFLIAALCDAKRSPRHHDGRLFEQDFVESGPERVHRTTLSEQDTQFPYAYHFDASLLADYLSGYAVRRGVRHVVDDVLDVSLDERGWIDHVLTREHGELRGDLFVDCTGFRGLLLNKALEEPFQSYQDTLPNDRAVALRVPVDMAAKGIRPCTTASARDAGWIWTIPLFGRIGTGYVYASEYITPEEAERDLRAFVGPAADDLEANHIRMRIGRSRDSWVRNCVAVGLSSGFVEPLESTGIFFIQHGIEQLVKHFPGDDWNPALRDAYNRSIANCMDGVREFLVLHYRGAARTDNQYWRDAKTRPVPDALAERMEAWQTRLPDTETVFPHYHGFEPYSYACMLLGLGGVPLRSSPALALLSDASAHKEFQIVRDQADELVRTLPSQHEYFARLHPASNGPG,1.14.19.9,1,1.14,1.14.19,1.14.19.9
A0A6H0DY41,A0A1L7F9E8,53.965,517.0,228.0,5.0,30.0,543.0,3.0,0.0,602.0,A0A1L7F9E8_9PSEU,MPRSVVIVGGGTAGWMTASYLKAAFADRIEVTLVESARVGTIGVGEATFSTVRHFFDYLGLDEREWMPACQATYKLAIRFEDWRHKGHHFYHPFERQRMVDGFPITDWWLQQGVTDRFDRDCFLIAALCDAKRSPRHHDGRLFEQDFVESGPERVHRTTLSEQDTQFPYAYHFDASLLADYLSGYAVRRGVRHVVDDVLDVSLDERGWIDHVLTREHGELRGDLFVDCTGFRGLLLNKALEEPFQSYQDTLPNDRAVALRVPVDMAAKGIRPCTTASARDAGWIWTIPLFGRIGTGYVYASEYITPEEAERDLRAFVGPAADDLEANHIRMRIGRSRDSWVRNCVAVGLSSGFVEPLESTGIFFIQHGIEQLVKHFPGDDWNPALRDAYNRSIANCMDGVREFLVLHYRGAARTDNQYWRDAKTRPVPDALAERMEAWQTRLPDTETVFPHYHGFEPYSYACMLLGLGGVPLRSSPALALLSDASAHKEFQIVRDQADELVRTLPSQHEYFARLHPASNGPG,1.14.19.9,1,1.14,1.14.19,1.14.19.9
M4SKV1,A0A1L7F9E8,30.654,535.0,328.0,12.0,4.0,521.0,3.0,1.17e-76,253.0,A0A1L7F9E8_9PSEU,MPRSVVIVGGGTAGWMTASYLKAAFADRIEVTLVESARVGTIGVGEATFSTVRHFFDYLGLDEREWMPACQATYKLAIRFEDWRHKGHHFYHPFERQRMVDGFPITDWWLQQGVTDRFDRDCFLIAALCDAKRSPRHHDGRLFEQDFVESGPERVHRTTLSEQDTQFPYAYHFDASLLADYLSGYAVRRGVRHVVDDVLDVSLDERGWIDHVLTREHGELRGDLFVDCTGFRGLLLNKALEEPFQSYQDTLPNDRAVALRVPVDMAAKGIRPCTTASARDAGWIWTIPLFGRIGTGYVYASEYITPEEAERDLRAFVGPAADDLEANHIRMRIGRSRDSWVRNCVAVGLSSGFVEPLESTGIFFIQHGIEQLVKHFPGDDWNPALRDAYNRSIANCMDGVREFLVLHYRGAARTDNQYWRDAKTRPVPDALAERMEAWQTRLPDTETVFPHYHGFEPYSYACMLLGLGGVPLRSSPALALLSDASAHKEFQIVRDQADELVRTLPSQHEYFARLHPASNGPG,1.14.19.9,1,1.14,1.14.19,1.14.19.9
Q8KLM0,A0A381IKS0,36.609,407.0,232.0,9.0,30.0,425.0,7.0,1.08e-77,254.0,A0A381IKS0_AMIAI,MIPASTDVLVIGGGPAGSTVATILATHGITATVLERDVFPRYHIGESLLASLMPMLDAIGAGEKVKQHGFVEKPGGYFNWGNEKWSFRFDEIEGAPSHSYQVKRSEFDKLLLDHAAETGAGVHQNVKVSKINFDNGRAVAAEYLDRNSGTTGTIRFKYLVDCSGRSGVIANVHTKDRHFHDVFKNVAIWSYWKNTNLNYDDLPAGSTRIISIESGWIWFIPLSDGTVSVGTVLTRDQLRKERDKKRSAEDVYDQLLRDDPEAAIILKNAQRSEIRMETDYSYTSDKFSGPGYFMCGDAACFLDPLLSSGVHLAMVSSLIAGASIASILKGKLPEDRAVNFFETSYRQSYLRFLMMVSSFYDLNKGQAGYFWEAQRLTSKDYSEKDMKKAFVSIVSGGADYTEVRDGQYGEIVAKKVAEKLRQGVDMRRNAGQFGDETKRENMQFMDALNGLHFLQANAAIDGLYVVTQPAIILAEAA,1.14.13.20,1,1.14,1.14.13,1.14.13.20
P96557,A0A381IKS0,35.748,428.0,243.0,10.0,7.0,417.0,7.0,6.4599999999999995e-81,262.0,A0A381IKS0_AMIAI,MIPASTDVLVIGGGPAGSTVATILATHGITATVLERDVFPRYHIGESLLASLMPMLDAIGAGEKVKQHGFVEKPGGYFNWGNEKWSFRFDEIEGAPSHSYQVKRSEFDKLLLDHAAETGAGVHQNVKVSKINFDNGRAVAAEYLDRNSGTTGTIRFKYLVDCSGRSGVIANVHTKDRHFHDVFKNVAIWSYWKNTNLNYDDLPAGSTRIISIESGWIWFIPLSDGTVSVGTVLTRDQLRKERDKKRSAEDVYDQLLRDDPEAAIILKNAQRSEIRMETDYSYTSDKFSGPGYFMCGDAACFLDPLLSSGVHLAMVSSLIAGASIASILKGKLPEDRAVNFFETSYRQSYLRFLMMVSSFYDLNKGQAGYFWEAQRLTSKDYSEKDMKKAFVSIVSGGADYTEVRDGQYGEIVAKKVAEKLRQGVDMRRNAGQFGDETKRENMQFMDALNGLHFLQANAAIDGLYVVTQPAIILAEAA,1.14.13.20,1,1.14,1.14.13,1.14.13.20
B7T1E1,A0A381IKS0,34.977,426.0,251.0,9.0,7.0,419.0,7.0,1.28e-78,256.0,A0A381IKS0_AMIAI,MIPASTDVLVIGGGPAGSTVATILATHGITATVLERDVFPRYHIGESLLASLMPMLDAIGAGEKVKQHGFVEKPGGYFNWGNEKWSFRFDEIEGAPSHSYQVKRSEFDKLLLDHAAETGAGVHQNVKVSKINFDNGRAVAAEYLDRNSGTTGTIRFKYLVDCSGRSGVIANVHTKDRHFHDVFKNVAIWSYWKNTNLNYDDLPAGSTRIISIESGWIWFIPLSDGTVSVGTVLTRDQLRKERDKKRSAEDVYDQLLRDDPEAAIILKNAQRSEIRMETDYSYTSDKFSGPGYFMCGDAACFLDPLLSSGVHLAMVSSLIAGASIASILKGKLPEDRAVNFFETSYRQSYLRFLMMVSSFYDLNKGQAGYFWEAQRLTSKDYSEKDMKKAFVSIVSGGADYTEVRDGQYGEIVAKKVAEKLRQGVDMRRNAGQFGDETKRENMQFMDALNGLHFLQANAAIDGLYVVTQPAIILAEAA,1.14.13.20,1,1.14,1.14.13,1.14.13.20
B7T185,A0A381IKS0,35.529,425.0,248.0,9.0,7.0,417.0,7.0,5.0500000000000004e-80,259.0,A0A381IKS0_AMIAI,MIPASTDVLVIGGGPAGSTVATILATHGITATVLERDVFPRYHIGESLLASLMPMLDAIGAGEKVKQHGFVEKPGGYFNWGNEKWSFRFDEIEGAPSHSYQVKRSEFDKLLLDHAAETGAGVHQNVKVSKINFDNGRAVAAEYLDRNSGTTGTIRFKYLVDCSGRSGVIANVHTKDRHFHDVFKNVAIWSYWKNTNLNYDDLPAGSTRIISIESGWIWFIPLSDGTVSVGTVLTRDQLRKERDKKRSAEDVYDQLLRDDPEAAIILKNAQRSEIRMETDYSYTSDKFSGPGYFMCGDAACFLDPLLSSGVHLAMVSSLIAGASIASILKGKLPEDRAVNFFETSYRQSYLRFLMMVSSFYDLNKGQAGYFWEAQRLTSKDYSEKDMKKAFVSIVSGGADYTEVRDGQYGEIVAKKVAEKLRQGVDMRRNAGQFGDETKRENMQFMDALNGLHFLQANAAIDGLYVVTQPAIILAEAA,1.14.13.20,1,1.14,1.14.13,1.14.13.20
A0A162BNF2,A0A517VIM3,30.049,406.0,266.0,9.0,7.0,398.0,16.0,1.26e-47,171.0,A0A517VIM3_9PLAN,MLDTDLKEQPELESEYDVVIIGAGPAGSTVAALLAEQGRKTLVVDRARFPRFHVGESLIPETYWPLKRLGLIDQLKQTAFPKKLSVQFVTDEGVETRPFYFHDYKDHESSQTWQVYRAEFDQMLIDNAQSRGATFHNELQVTDLLTQEEQVTGVKVKLSNQETREISAKLVVDASGQSGFIANRLKLKQNDPVLRKGTVWAHFKNAQRDPGIDEGATLILQTEGKQSWFWYIPLQDNVVSIGCTGDMNYMFSKERGNSEEIFFQEVERCIGIKRRLTEAQPVTEFMTTKDFSYHSSQPAGPGWMLAGDALGFIDPVYSSGVFLAMKSGELIAEAINEAYETNDFSVERLSQWYPGYKEGVDNFRKLVYAFYTPGFSFGNFLRQYPQFKSNLVDILIGDVFKPEVAEMFTVMQEEIPELADTDDSPVTMKK,1.14.13.20,1,1.14,1.14.13,1.14.13.20
C1IHU5,Q4KCZ0,59.688,449.0,180.0,1.0,1.0,448.0,1.0,0.0,566.0,PLTA_PSEF5,MSDHDYDVVIIGGGPAGSTMASYLAKAGVKCAVFEKELFEREHVGESLVPATTPVLLEIGVMEKIEKANFPKKFGAAWTSADSGPEDKMGFQGLDHDFRSAEILFNERKQEGVDRDFTFHVDRGKFDRILLEHAGSLGAKVFQGVEIADVEFLSPGNVIVNAKLGKRSVEIKAKMVVDASGRNVLLGRRLGLREKDPVFNQFAIHSWFDNFDRKSATQSPDKVDYIFIHFLPMTNTWVWQIPITETITSVGVVTQKQNYTNSDLTYEEFFWEAVKTRENLHDALKASEQVRPFKKEADYSYGMKEVCGDSFVLIGDAARFVDPIFSSGVSVALNSARIASGDIIEAVKNNDFSKSSFTHYEGMIRNGIKNWYEFITLYYRLNILFTAFVQDPRYRLDILQLLQGDVYSGKRLEVLDKMREIIAAVESDPEHLWHKYLGDMQVPTAKPAF,1.14.19.56,1,1.14,1.14.19,1.14.19.56
Q2GWL3,Q0CCX4,56.473,533.0,209.0,10.0,1.0,526.0,1.0,0.0,590.0,GEDL_ASPTN,MSVPNKTTVLVIGGGPAGSYAAAVLARENVDTVLLEAEKFPRYHIGESMLASMRFFLRFIDLEEQFDAYGFQKKYGATFKINSKREAYTDFSASLGPGGYAWNVIRSEADDLIFRYAGEQGAHIFDGTKVDDIEFLSYDGADGANFTPAAFLVNPGRPVAATWSRKDGTRGRIKFDYLIDASGRAGIISTKYLKNRTVNEGLRNIANWSYWKGAKVYGEGSDQQGSPFFEALTDGSGWCWAIPLHNGTLSVGVVMRQDLFFGKKKAAGSPGSLEMYKLCLQSVPGISGLLEDAEIVSDVKMASDWSYSASAYAGPHFRVAGDAGCFIDPYFSSGVHLALVGGLSAATTIQAVRRGETSEFSAAKWHSSKVTEGYTRFLLVVMAVLRQLRKQNAAVITDDKEEGFDTAFGLIQPVIQGQADTGESEQQRMVAGVQFSLERFGQATPEAQRALLDKVQFAGQNAEELEKLTADELAVLHNIIGRQLKMTKVEKNLDNFTRDVIDGWAPRVERGKLGLQRADTSIMTAEMKDLFQLNRSLDSTKAGIQLPA,1.14.19.-,1,1.14,1.14.19,0
A7KH29,A0A3N6GLD8,69.784,417.0,124.0,2.0,1.0,417.0,1.0,0.0,617.0,A0A3N6GLD8_9ACTN,MSSSIFGISAEYDVIVIGGGPAGATTAGLLAKRGHRVLVLDRERFPRYHVGESLIPAFMRPMEEMGLTERMDERGFERKYGGSLVWGNNQVPWKFGFLKGKYPYAFHTRRADLDAMILDRARELGAHIIEDATVKEPIEENGRVVGVRYALRGVDGVREVRAGLVVDASGQARVLSRRFTDVKWHEELRNVAVWTYYDNCERLEGDEYTNILIEGLDEGWFWAIPIDKGTISVGYVTRSATAGEGGQSLEDLFHSEVGRTTKLKHMLRNGRQSAGFRTARDWSYHSDRFYGDGWVLVGDSAAFVDPLFSTGVALASLAGSTLAQIVDQIIKHPEIETKALDRYATAYSGFFDEIREFVERFYDRTKYKEFYHSLAQEMIDPEHERKPADDFVTLISGLSGNHPMFHIGLDDLIADVSQPEITKS,1.14.19.9,1,1.14,1.14.19,1.14.19.9
Q8KND5,A0A3N6GLD8,44.02,393.0,216.0,2.0,7.0,399.0,11.0,1.55e-114,344.0,A0A3N6GLD8_9ACTN,MSSSIFGISAEYDVIVIGGGPAGATTAGLLAKRGHRVLVLDRERFPRYHVGESLIPAFMRPMEEMGLTERMDERGFERKYGGSLVWGNNQVPWKFGFLKGKYPYAFHTRRADLDAMILDRARELGAHIIEDATVKEPIEENGRVVGVRYALRGVDGVREVRAGLVVDASGQARVLSRRFTDVKWHEELRNVAVWTYYDNCERLEGDEYTNILIEGLDEGWFWAIPIDKGTISVGYVTRSATAGEGGQSLEDLFHSEVGRTTKLKHMLRNGRQSAGFRTARDWSYHSDRFYGDGWVLVGDSAAFVDPLFSTGVALASLAGSTLAQIVDQIIKHPEIETKALDRYATAYSGFFDEIREFVERFYDRTKYKEFYHSLAQEMIDPEHERKPADDFVTLISGLSGNHPMFHIGLDDLIADVSQPEITKS,1.14.19.9,1,1.14,1.14.19,1.14.19.9
A4Z4I8,Q54FI4,25.783,415.0,269.0,12.0,75.0,461.0,19.0,1.5899999999999998e-23,108.0,CHLA_DICDI,MDTNIINHYDIIIIGGGIAGLSATRHLLLKMPELSGRIAVIEPRSERRDNLDEDYKVGESTVEVSAMFFAKELELQDYLIENHPPKFSLQFHWPRELSKTDTIEDYYSTWAVKNPDIQAFQLNRCKIERDLLKMVIAQGAVYYHGRVRNVDNLDNDDMKSIDVEILSEVESGADFKLQQSIERITLTTDYIVDASGRNFTVGSRTDNILKDPKHLFGLDNASTWVRVKNTERSLFDFKSQDVTCSWTYDTNHFFGPGYWIWMIPLERGSRDYSIGVSYHRDKIQPSQLNSLDKFMSFLEKNQKLLYNLIKSGEIVDFHRWPKLAHTSKTFFSKNNWCVIGDAAAIFDPFYSTGMVMIAMEIECLTEMLKFKLSNAANDYHRRVEAFDKLIRCVTQINNHLIKDHSNHLGNASIMSWRIYFESSTYFSILLPAYIGKYHLCPIFSDHFTTDHENGLALRNQLLATLDYANENSINIGFMDNHRGGQLLGDWSPTSSWDYDHALSLAKYGHKRLNLPKCLSWSNFYLSLIICKLYYRVYGIGALWNSSFFKSLSNTTYRFSKFYFLSKLHSFNMIGTPNNDYYDKIQKDFKSYNYNQNNIVDWKY,1.14.14.-,1,1.14,1.14.14,0
Q8GAQ9,Q9RBY6,43.003,293.0,158.0,2.0,11.0,294.0,5.0,2.06e-88,269.0,SYRB2_PSESY,MSKKFALTAEQRASFEKNGFIGPFDAYSPEEMKETWKRTRLRLLDRSAAAYQDLDAISGGTNIANYDRHLDDDFLASHICRPEICDRVESILGPNVLCWRTEFFPKYPGDEGTDWHQADTFANASGKPQIIWPENEEFGGTITVWTAFTDANIANGCLQFIPGTQNSMNYDETKRMTYEPDANNSVVKDGVRRGFFGYDYRQLQIDENWKPDEASAVPMQMKAGQFIIFWSTLMHASYPHSGESQEMRMGFASRYVPSFVHVYPDSDHIEEYGGRISLEKYGAVQVIGDETPEYNRLVTHTTRGKKFEAV,1.14.20.15,1,1.14,1.14.20,1.14.20.15
Q8GAQ8,Q9RBY6,43.197,294.0,158.0,2.0,9.0,293.0,4.0,4.97e-91,275.0,SYRB2_PSESY,MSKKFALTAEQRASFEKNGFIGPFDAYSPEEMKETWKRTRLRLLDRSAAAYQDLDAISGGTNIANYDRHLDDDFLASHICRPEICDRVESILGPNVLCWRTEFFPKYPGDEGTDWHQADTFANASGKPQIIWPENEEFGGTITVWTAFTDANIANGCLQFIPGTQNSMNYDETKRMTYEPDANNSVVKDGVRRGFFGYDYRQLQIDENWKPDEASAVPMQMKAGQFIIFWSTLMHASYPHSGESQEMRMGFASRYVPSFVHVYPDSDHIEEYGGRISLEKYGAVQVIGDETPEYNRLVTHTTRGKKFEAV,1.14.20.15,1,1.14,1.14.20,1.14.20.15
D0VX22,Q9RBY6,58.17,306.0,122.0,2.0,10.0,312.0,5.0,1.02e-128,372.0,SYRB2_PSESY,MSKKFALTAEQRASFEKNGFIGPFDAYSPEEMKETWKRTRLRLLDRSAAAYQDLDAISGGTNIANYDRHLDDDFLASHICRPEICDRVESILGPNVLCWRTEFFPKYPGDEGTDWHQADTFANASGKPQIIWPENEEFGGTITVWTAFTDANIANGCLQFIPGTQNSMNYDETKRMTYEPDANNSVVKDGVRRGFFGYDYRQLQIDENWKPDEASAVPMQMKAGQFIIFWSTLMHASYPHSGESQEMRMGFASRYVPSFVHVYPDSDHIEEYGGRISLEKYGAVQVIGDETPEYNRLVTHTTRGKKFEAV,1.14.20.15,1,1.14,1.14.20,1.14.20.15
Q1EDB4,Q9RBY6,31.136,273.0,155.0,10.0,2.0,256.0,7.0,1.7700000000000002e-26,112.0,SYRB2_PSESY,MSKKFALTAEQRASFEKNGFIGPFDAYSPEEMKETWKRTRLRLLDRSAAAYQDLDAISGGTNIANYDRHLDDDFLASHICRPEICDRVESILGPNVLCWRTEFFPKYPGDEGTDWHQADTFANASGKPQIIWPENEEFGGTITVWTAFTDANIANGCLQFIPGTQNSMNYDETKRMTYEPDANNSVVKDGVRRGFFGYDYRQLQIDENWKPDEASAVPMQMKAGQFIIFWSTLMHASYPHSGESQEMRMGFASRYVPSFVHVYPDSDHIEEYGGRISLEKYGAVQVIGDETPEYNRLVTHTTRGKKFEAV,1.14.20.15,1,1.14,1.14.20,1.14.20.15
A0A1U8X168,B8CPR3,29.004,231.0,133.0,10.0,88.0,307.0,67.0,5.08e-11,65.5,B8CPR3_SHEPW,MKLETIDYKAADSAEKFVKSLRDTGFGVLSNHPIDKQLVEDIYSEWQAFFNTEEKRAFLFKPETQDGFFPAEISETAKGHTVKDIKEYYHVYPWGRIPEQLKANILKYYDSANSLAAELLDWVEQHSPQEVKDKFSMALPKMIEDSHKTLLRVLHYPPMSGNEEVGAIRAAAHEDINLLTVLPAANEPGLQVQLKDGSWIDVPSDFGNIIINIGDMLQEASGGYFPSTSHRVINPEGSDMTKARVSLPLFLHPKPEVKLSENYTADSYLMERLRELGVI,1.21.3.1,1,1.21,1.21.3,1.21.3.1
UPI000360A9BD,A0A1L7I4D3,25.523,239.0,145.0,7.0,124.0,347.0,6.0,4.72e-07,54.3,A0A1L7I4D3_9FLAO,MELKQVTRIESISKDDFVRDYVRPQKPVVIKKLIQDWPAYRKWNLEYIREMAGDRTVPLYDDRPISSRFKFNEAHAEMKMSDYIDLLEREPTNYRIFLYNLLKQVPKLQEDFSFPDIGLRFLKQLPMLFFGGANSKVFMHYDIDYANILHFHFHGKKQCILFPPSESKNLYKVPHALISREDIDFNDPDFEKFPVLKKAQGYITELNHGETLYMPEGYWHHMTYLTAGFSMSLRATPRTLTNFSKAVYNLVFMRHFDNYMRKMRGQRWIDYKNRQAVTRTHKKHHINQ,1.14.11.16,1,1.14,1.14.11,1.14.11.16
UPI0004CAEF9E,G8XHD5,75.62,242.0,59.0,0.0,10.0,251.0,1.0,1.97e-137,389.0,BESD_STREN,MCAPLEKDDIRRLSQAFHRFGIVTVTELIEPHTRKLVRAEADRLLDQYAERRDLRLATTDYTRRSMSVVPSETIAANSELVTGLYAHRELLAPLEAIAGERLHPCPKADEEFLITRQEQRGDTHGWHWGDFSFALIWVLQAPPIDVGGLLQCVPHTTWDKASPQINRYLVENPIDTYHFESGDVYFLRTDTTLHRTIPLREDTTRIILNMTWAGERDLSRKLAADDRWWDNAEVSAARAIKD,1.14.20.-,1,1.14,1.14.20,0
UPI000499837C,G8XHD5,48.837,215.0,110.0,0.0,27.0,241.0,6.0,1.4399999999999999e-67,211.0,BESD_STREN,MCAPLEKDDIRRLSQAFHRFGIVTVTELIEPHTRKLVRAEADRLLDQYAERRDLRLATTDYTRRSMSVVPSETIAANSELVTGLYAHRELLAPLEAIAGERLHPCPKADEEFLITRQEQRGDTHGWHWGDFSFALIWVLQAPPIDVGGLLQCVPHTTWDKASPQINRYLVENPIDTYHFESGDVYFLRTDTTLHRTIPLREDTTRIILNMTWAGERDLSRKLAADDRWWDNAEVSAARAIKD,1.14.20.-,1,1.14,1.14.20,0
UPI000888A5A4,G8XHD5,45.283,212.0,116.0,0.0,28.0,239.0,9.0,1.9e-65,206.0,BESD_STREN,MCAPLEKDDIRRLSQAFHRFGIVTVTELIEPHTRKLVRAEADRLLDQYAERRDLRLATTDYTRRSMSVVPSETIAANSELVTGLYAHRELLAPLEAIAGERLHPCPKADEEFLITRQEQRGDTHGWHWGDFSFALIWVLQAPPIDVGGLLQCVPHTTWDKASPQINRYLVENPIDTYHFESGDVYFLRTDTTLHRTIPLREDTTRIILNMTWAGERDLSRKLAADDRWWDNAEVSAARAIKD,1.14.20.-,1,1.14,1.14.20,0
UPI0003675DF0,G8XHD5,50.207,241.0,119.0,1.0,14.0,254.0,3.0,8.47e-83,250.0,BESD_STREN,MCAPLEKDDIRRLSQAFHRFGIVTVTELIEPHTRKLVRAEADRLLDQYAERRDLRLATTDYTRRSMSVVPSETIAANSELVTGLYAHRELLAPLEAIAGERLHPCPKADEEFLITRQEQRGDTHGWHWGDFSFALIWVLQAPPIDVGGLLQCVPHTTWDKASPQINRYLVENPIDTYHFESGDVYFLRTDTTLHRTIPLREDTTRIILNMTWAGERDLSRKLAADDRWWDNAEVSAARAIKD,1.14.20.-,1,1.14,1.14.20,0
UPI0005FAE1F9,G8XHD5,41.86,215.0,121.0,3.0,27.0,240.0,6.0,6.5900000000000005e-56,182.0,BESD_STREN,MCAPLEKDDIRRLSQAFHRFGIVTVTELIEPHTRKLVRAEADRLLDQYAERRDLRLATTDYTRRSMSVVPSETIAANSELVTGLYAHRELLAPLEAIAGERLHPCPKADEEFLITRQEQRGDTHGWHWGDFSFALIWVLQAPPIDVGGLLQCVPHTTWDKASPQINRYLVENPIDTYHFESGDVYFLRTDTTLHRTIPLREDTTRIILNMTWAGERDLSRKLAADDRWWDNAEVSAARAIKD,1.14.20.-,1,1.14,1.14.20,0
UPI000702B50B,G8XHD5,40.183,219.0,131.0,0.0,18.0,236.0,4.0,7.41e-57,184.0,BESD_STREN,MCAPLEKDDIRRLSQAFHRFGIVTVTELIEPHTRKLVRAEADRLLDQYAERRDLRLATTDYTRRSMSVVPSETIAANSELVTGLYAHRELLAPLEAIAGERLHPCPKADEEFLITRQEQRGDTHGWHWGDFSFALIWVLQAPPIDVGGLLQCVPHTTWDKASPQINRYLVENPIDTYHFESGDVYFLRTDTTLHRTIPLREDTTRIILNMTWAGERDLSRKLAADDRWWDNAEVSAARAIKD,1.14.20.-,1,1.14,1.14.20,0
W0W999,Q70GK9,87.625,299.0,37.0,0.0,1.0,299.0,1.0,0.0,518.0,FLA_STRCT,MAANSTRRPIIAFMSDLGTTDDSVAQCKGLMYSICPDVTVVDVCHSMTPWDVEEGARYIVDLPRFFPEGTVFATTTYPATGTTTRSVAVRIKQAAKGGARGQWAGSGAGFERAEGSYIYIAPNNGLLTTVLEEHGYLEAYEVTSPKVIPEQPEPTFYSREMVAIPSAHLAAGFPLSEVGRPLEDHEIVRFNRPAVEQDGEALVGVVSAIDHPFGNVWTNIHRTDLEKAGIGYGARLRLTLDGVLPFEAPLTPTFADAGEIGNIAIYLNSRGYLSIARNAASLAYPYHLKEGMSARVEAR,2.5.1.63,2,2.5,2.5.1,2.5.1.63
A0A068VNW5,Q70GK9,84.175,297.0,47.0,0.0,1.0,297.0,1.0,2.21e-180,501.0,FLA_STRCT,MAANSTRRPIIAFMSDLGTTDDSVAQCKGLMYSICPDVTVVDVCHSMTPWDVEEGARYIVDLPRFFPEGTVFATTTYPATGTTTRSVAVRIKQAAKGGARGQWAGSGAGFERAEGSYIYIAPNNGLLTTVLEEHGYLEAYEVTSPKVIPEQPEPTFYSREMVAIPSAHLAAGFPLSEVGRPLEDHEIVRFNRPAVEQDGEALVGVVSAIDHPFGNVWTNIHRTDLEKAGIGYGARLRLTLDGVLPFEAPLTPTFADAGEIGNIAIYLNSRGYLSIARNAASLAYPYHLKEGMSARVEAR,2.5.1.63,2,2.5,2.5.1,2.5.1.63
W8JNL4,A0A5B2WM47,85.667,300.0,43.0,0.0,1.0,300.0,1.0,0.0,507.0,A0A5B2WM47_9PSEU,MASSRGNRPIIAFMSDLGITDDSVAQCKGLMLSVCPDVTIVDVCHTMKPWDVEEGARYIVDLPRFFPEGTVFATTTYPATGTTARSVAIRIKQAAKGGARGQWAGSGAGFERAEGSYIYIAPNNGLLTSVIEEHGYLEAYEVSSTEVIPELPEPTFYSREMVALPSGHLAAGFPLNKVGRPLADDEIVRFTRPQPSVETDGDLVGVVTNIDHPFGNIWTNIHRTDLERAGVGYGTKLKVVLDEVLPFELPLSPTFADAGPVGTPVAYLSSRGYLALARNAASLAYPYNLEAGIPVRVKVG,2.5.1.63,2,2.5,2.5.1,2.5.1.63
A0A059WF38,A4X3Q0,62.731,271.0,96.0,3.0,1.0,268.0,1.0,1.03e-109,321.0,SALL_SALTO,MQHNLIAFLSDVGSADEAHALCKGVMYGVAPAATIVDITHDVAPFDVREGALFLADVPHSFPAHTVICAYVYPETGTATHTIAVRNEKGQLLVGPNNGLLSFALDASPAVECHEVLSPDVMNQPVTPTWYGKDIVAACAAHLAAGTDLAAVGPRIDPKQIVRLPYASASEVEGGIRGEVVRIDRAFGNVWTNIPTHLIGSMLQDGERLEVKIEALSDTVLELPFCKTFGEVDEGQPLLYLNSRGRLALGLNQSNFIEKWPVVPGDSITVSPRVPDSNLGPVLG,2.5.1.94,2,2.5,2.5.1,2.5.1.94
A0A2T0T269,A4X3Q0,55.311,273.0,116.0,4.0,7.0,275.0,4.0,4.29e-84,256.0,SALL_SALTO,MQHNLIAFLSDVGSADEAHALCKGVMYGVAPAATIVDITHDVAPFDVREGALFLADVPHSFPAHTVICAYVYPETGTATHTIAVRNEKGQLLVGPNNGLLSFALDASPAVECHEVLSPDVMNQPVTPTWYGKDIVAACAAHLAAGTDLAAVGPRIDPKQIVRLPYASASEVEGGIRGEVVRIDRAFGNVWTNIPTHLIGSMLQDGERLEVKIEALSDTVLELPFCKTFGEVDEGQPLLYLNSRGRLALGLNQSNFIEKWPVVPGDSITVSPRVPDSNLGPVLG,2.5.1.94,2,2.5,2.5.1,2.5.1.94
Q5SLF5,A0A0M9AFB0,78.682,258.0,52.0,1.0,1.0,255.0,1.0,1.28e-132,377.0,A0A0M9AFB0_THEAQ,MRPVYFLSDFGLEDPYAGIVQAVLEARAPGVRVVHLAHGLPPGDLRRAAYALFEALPYLPPGAVLLAVVDPGVGTGRRAVAAWGERLYVGPDNGIFTLAWLLDPPQKAFLLKTLSPPRPEGVNPLPGWQPGGHTFHGRDLFAPAAAHLALGLPPEGLGPEVPVEDLVRLPLKLSPGPTGEVLTFDRFGNAITTLLSAPLGGWVEVAGKRLRVLRTFGEAREGEALAYLGSAGLLEIAVNRGSAREALGLREGMPVRLL,2.5.1.94,2,2.5,2.5.1,2.5.1.94
Q59045,Q59045,100.0,263.0,0.0,0.0,1.0,263.0,1.0,0.0,523.0,SALL_METJA,MGIYMRDDILDIITLTTDFGTNEGYVGAMKGRILNILKKYNKDAKIIDISHEIKPFNIYHGAYVLLTAIPYFPPSVHVAVIDPTVGSERKSIVIETKSGYYLVGPDNGLFTYVAEKLGIKRIIKIDEERYKPSSTFHGRDVYAVVGAEILINNGYDGEELDEMVKIDETKKRVIHIDRFGNIITNIKKDEVTFKYYDTIMIKIRHKNGIEKIIKCKFVKSYFEEKNNFICLINSEGFLEISKFMDNASKLLNVDYLDEIEIIY,2.5.1.-,2,2.5,2.5.1,0
A7KH27,,,,,,,,,,,,MTTSGHTSFSDYSPRRRSMLLGGLGGAAALSAAGFTGMASASPRGSAGSKAAAIEFDLDKDNYIKWAQPTDENAGQSPTLAILGPMDVTVFLWINRVVWLAAFDALAPYHETAVGVYSQIPRRPSSESATNRNLNIAALHAQHGVWKRVLPQQVDQLRELMTALGLDPSDETENLSSPVGIGNVAAKNAFNALKNDGMNFLGYEGRKYNPRPWADYTGYEPVNTAFKVNNPSRWQPQLQAHNARRAGGGPGDLGIYVTQHFVTPQTARTKAHIFRDPSRFRIPRPEFSDHTNTRAYKRSVDEIIDASANLNDERKALAEIMENKLWGIGHSSIVIANKYDQNNEMGVHGWCHWMLAHVLATFEPLIAAWHHKTRFDAVRPVTAIRHVYGNRKIRAWGGVGMGTVDIRASEWSSYLPVGDHPEYPSGSTSLCSATSQAARRYFDSDELDWTINYPAGSTVVEPGITPGKDLSIHIPTWTDFTRTCATSRVWGGVHFQTTVDRTIDFGEQFGDLAHEFVQRHVKGDVKD,,,,,
A0A559V0A1,,,,,,,,,,,,MTTSGSSSVPGFSPRRRSLLLGGGSAAALTALGHAGTAAAEPGPAAEPPPAFDLDKGNFVRDLLTVAGDSSGETQDLGPADVTLIFWIQDVMQTAWFDALAPYHPTAVGVRTRLPRRPAGESETNRNKNIAGLYATYHVVSVAYPERGYILRGLLEAIGLDPDDESEDPATPAGIGNLAGKAAVEARRRDGMNFLGDEGRKYHPQPFEDYTGYEPVNTAYKLVDPSKWQPARTPHRRRVGGGPGDKGIFTVQQFATPQLRLVEGHTFRDPGRFELPPPDHSDHTAPGRYKRAVDEILRASAALTDEQKAKAEFFSNNYQGILLATRAAAIAHDLDLDGWVHLYMTSSVAQLDNLIASWHLKHAYDAVRPFSAVRHVYGRQKVRAWGGPGKGTVELRADEWAGYLPVNDHPEYPSGSTALCAAMAQGARRFLGDDVLEWTYTFKAGSTQTEPGLVPARDIELNYGTWTTFVRDAALSRVWAGVNFTKTAERSVEFGKQFGDLAHEFVQRHVSGEAED,,,,,
A0A559V0T8,,,,,,,,,,,,MTSGNSSSAGFSPARRSLLLGGASTAALATLGTGTAAAAGQGTGPAAKPAAAAEFDFDTGNFHRDLLSTAANPSEEPLGPMDATVLVYLTHLTMTAWFDALAPYHPTAVGRHSRIPRRPASESNTNRNKNVAAFHAANVVFQSVFKERVAAFRQLMTTLGLDPDDQSTDPTSPVGIGNLAARGVLKAKARDGMNLFGDEGRKYHGQPYEDYTGFEPVNTAYKLVNPSKWQPARHPHRRRVGGGPGDKGIFVVQHMVTPQMALVKPDTYRHPSQFPLAPPDHLDHTDPRRYKRSVDEILEASATLDDEQKVKAEFFDNKFLGIGQSTKAAGIAHDLELDDWVHLIYTSSLAQVEDLIAAWHYKVKYQAPRPFSAIRHVYGKKKVSAWGGPGIGTVHDMPADEWASFLPVGDHPDYPSGSTTLCAAEAQAARRFLGDDRLDWTWPIPAGWTLTEPGITPARDMELHYGTWTEFVKDCGYSRLWAGVHFTTTVERSMEFGTQFGDLAYEFAQKYIKGDVED,,,,,
A0A1L1YPD7,,,,,,,,,,,,MSNNAVSTKSALNFLDINVTEVNNYPTAIQDIIIDRRFDGMIIRGVLPLDSIERVIRRLEDEDEGGMKLIFNKNEEFGTKVAQIYGHVIVGQSPDLKDYFASSAIFRQACRALFQGNPDFEERVESVFHSLCGLPVEIPTGPEGQSYTPATLRLLTEGREITVHVGNDFLLMPASEHLKTLLDFSDQLSYFIPLSVPQAGGELVVYNLEWNPEQAEQSGDLHKYMNDADSRFQSQQSQSVAFAPGPGDMILFNGGRYYHRVNQVIGNSPRRTIGGFLAFSKERNKIYYWS,,,,,
A7KH27,,,,,,,,,,,,MTTSGHTSFSDYSPRRRSMLLGGLGGAAALSAAGFTGMASASPRGSAGSKAAAIEFDLDKDNYIKWAQPTDENAGQSPTLAILGPMDVTVFLWINRVVWLAAFDALAPYHETAVGVYSQIPRRPSSESATNRNLNIAALHAQHGVWKRVLPQQVDQLRELMTALGLDPSDETENLSSPVGIGNVAAKNAFNALKNDGMNFLGYEGRKYNPRPWADYTGYEPVNTAFKVNNPSRWQPQLQAHNARRAGGGPGDLGIYVTQHFVTPQTARTKAHIFRDPSRFRIPRPEFSDHTNTRAYKRSVDEIIDASANLNDERKALAEIMENKLWGIGHSSIVIANKYDQNNEMGVHGWCHWMLAHVLATFEPLIAAWHHKTRFDAVRPVTAIRHVYGNRKIRAWGGVGMGTVDIRASEWSSYLPVGDHPEYPSGSTSLCSATSQAARRYFDSDELDWTINYPAGSTVVEPGITPGKDLSIHIPTWTDFTRTCATSRVWGGVHFQTTVDRTIDFGEQFGDLAHEFVQRHVKGDVKD,,,,,
A0A559V0A1,,,,,,,,,,,,MTTSGSSSVPGFSPRRRSLLLGGGSAAALTALGHAGTAAAEPGPAAEPPPAFDLDKGNFVRDLLTVAGDSSGETQDLGPADVTLIFWIQDVMQTAWFDALAPYHPTAVGVRTRLPRRPAGESETNRNKNIAGLYATYHVVSVAYPERGYILRGLLEAIGLDPDDESEDPATPAGIGNLAGKAAVEARRRDGMNFLGDEGRKYHPQPFEDYTGYEPVNTAYKLVDPSKWQPARTPHRRRVGGGPGDKGIFTVQQFATPQLRLVEGHTFRDPGRFELPPPDHSDHTAPGRYKRAVDEILRASAALTDEQKAKAEFFSNNYQGILLATRAAAIAHDLDLDGWVHLYMTSSVAQLDNLIASWHLKHAYDAVRPFSAVRHVYGRQKVRAWGGPGKGTVELRADEWAGYLPVNDHPEYPSGSTALCAAMAQGARRFLGDDVLEWTYTFKAGSTQTEPGLVPARDIELNYGTWTTFVRDAALSRVWAGVNFTKTAERSVEFGKQFGDLAHEFVQRHVSGEAED,,,,,
A0A559V0T8,,,,,,,,,,,,MTSGNSSSAGFSPARRSLLLGGASTAALATLGTGTAAAAGQGTGPAAKPAAAAEFDFDTGNFHRDLLSTAANPSEEPLGPMDATVLVYLTHLTMTAWFDALAPYHPTAVGRHSRIPRRPASESNTNRNKNVAAFHAANVVFQSVFKERVAAFRQLMTTLGLDPDDQSTDPTSPVGIGNLAARGVLKAKARDGMNLFGDEGRKYHGQPYEDYTGFEPVNTAYKLVNPSKWQPARHPHRRRVGGGPGDKGIFVVQHMVTPQMALVKPDTYRHPSQFPLAPPDHLDHTDPRRYKRSVDEILEASATLDDEQKVKAEFFDNKFLGIGQSTKAAGIAHDLELDDWVHLIYTSSLAQVEDLIAAWHYKVKYQAPRPFSAIRHVYGKKKVSAWGGPGIGTVHDMPADEWASFLPVGDHPDYPSGSTTLCAAEAQAARRFLGDDRLDWTWPIPAGWTLTEPGITPARDMELHYGTWTEFVKDCGYSRLWAGVHFTTTVERSMEFGTQFGDLAYEFAQKYIKGDVED,,,,,
A0A1L1YPD7,,,,,,,,,,,,MSNNAVSTKSALNFLDINVTEVNNYPTAIQDIIIDRRFDGMIIRGVLPLDSIERVIRRLEDEDEGGMKLIFNKNEEFGTKVAQIYGHVIVGQSPDLKDYFASSAIFRQACRALFQGNPDFEERVESVFHSLCGLPVEIPTGPEGQSYTPATLRLLTEGREITVHVGNDFLLMPASEHLKTLLDFSDQLSYFIPLSVPQAGGELVVYNLEWNPEQAEQSGDLHKYMNDADSRFQSQQSQSVAFAPGPGDMILFNGGRYYHRVNQVIGNSPRRTIGGFLAFSKERNKIYYWS,,,,,
